Workbook

Sheet Concepts
A1: id | B1: name | C1: is_quantity | D1: is_ratio | E1: is_relationship | F1: groups | G1: broader | H1: parts | I1: related | J1: same_as | K1: other_properties | L1: notation_tex | M1: wikidata_id | N1: wikidata_url | O1: definition | P1: name_fr | Q1: definition_fr
A2: Acceleration | B2: Acceleration | C2: =countif(Quantities!A:A,A2) -> 0 | D2: =IFERROR(__xludf.DUMMYFUNCTION("REGEXMATCH(A2,""(?i)ratio"")"),TRUE) -> TRUE | E2: =IFERROR(__xludf.DUMMYFUNCTION("REGEXMATCH(A2,""(?i)relationship"")"),FALSE) -> FALSE
A3: Action | B3: Action | C3: =countif(Quantities!A:A,A3) -> 0 | D3: =IFERROR(__xludf.DUMMYFUNCTION("REGEXMATCH(A3,""(?i)ratio"")"),FALSE) -> FALSE | E3: =IFERROR(__xludf.DUMMYFUNCTION("REGEXMATCH(A3,""(?i)relationship"")"),FALSE) -> FALSE | N3: =if(isblank(M3),"",hyperlink("https://www.wikidata.org/wiki/"&M3,M3)) | O3: A physical quantity that describes the motion of a system.
A4: AlphaParticle | B4: Alpha Particle | C4: =countif(Quantities!A:A,A4) -> 0 | D4: =IFERROR(__xludf.DUMMYFUNCTION("REGEXMATCH(A4,""(?i)ratio"")"),FALSE) -> FALSE | E4: =IFERROR(__xludf.DUMMYFUNCTION("REGEXMATCH(A4,""(?i)relationship"")"),FALSE) -> FALSE | G4: Particle | M4: Q103517 | N4: =if(isblank(M4),"",hyperlink("https://www.wikidata.org/wiki/"&M4,M4)) -> Q103517
A5: AlphaParticleElectronMassRatio | B5: =VLOOKUP(A5,Quantities!A:B,2,false) -> Alpha Particle - Electron Mass Ratio | C5: =countif(Quantities!A:A,A5) -> 1 | D5: =IFERROR(__xludf.DUMMYFUNCTION("REGEXMATCH(A5,""(?i)ratio"")"),TRUE) -> TRUE | E5: =IFERROR(__xludf.DUMMYFUNCTION("REGEXMATCH(A5,""(?i)relationship"")"),FALSE) -> FALSE | H5: AlphaParticle,Electron,MassRatio | N5: =if(isblank(M5),"",hyperlink("https://www.wikidata.org/wiki/"&M5,M5))
A6: AlphaParticleMass | B6: =VLOOKUP(A6,Quantities!A:B,2,false) -> Alpha Particle Mass | C6: =countif(Quantities!A:A,A6) -> 1 | D6: =IFERROR(__xludf.DUMMYFUNCTION("REGEXMATCH(A6,""(?i)ratio"")"),FALSE) -> FALSE | E6: =IFERROR(__xludf.DUMMYFUNCTION("REGEXMATCH(A6,""(?i)relationship"")"),FALSE) -> FALSE | H6: AlphaParticle,Mass | N6: =if(isblank(M6),"",hyperlink("https://www.wikidata.org/wiki/"&M6,M6))
A7: AlphaParticleMassEnergyEquivalent | B7: =VLOOKUP(A7,Quantities!A:B,2,false) -> Alpha Particle Mass Energy Equivalent | C7: =countif(Quantities!A:A,A7) -> 1 | D7: =IFERROR(__xludf.DUMMYFUNCTION("REGEXMATCH(A7,""(?i)ratio"")"),FALSE) -> FALSE | E7: =IFERROR(__xludf.DUMMYFUNCTION("REGEXMATCH(A7,""(?i)relationship"")"),FALSE) -> FALSE | H7: AlphaParticleMass,EnergyEquivalent | N7: =if(isblank(M7),"",hyperlink("https://www.wikidata.org/wiki/"&M7,M7))
A8: AlphaParticleMolarMass | B8: =VLOOKUP(A8,Quantities!A:B,2,false) -> Alpha Particle Molar Mass | C8: =countif(Quantities!A:A,A8) -> 1 | D8: =IFERROR(__xludf.DUMMYFUNCTION("REGEXMATCH(A8,""(?i)ratio"")"),FALSE) -> FALSE | E8: =IFERROR(__xludf.DUMMYFUNCTION("REGEXMATCH(A8,""(?i)relationship"")"),FALSE) -> FALSE | H8: AlphaParticle,MolarMass | N8: =if(isblank(M8),"",hyperlink("https://www.wikidata.org/wiki/"&M8,M8))
A9: AlphaParticleProtonMassRatio | B9: =VLOOKUP(A9,Quantities!A:B,2,false) -> Alpha Particle - Proton Mass Ratio | C9: =countif(Quantities!A:A,A9) -> 1 | D9: =IFERROR(__xludf.DUMMYFUNCTION("REGEXMATCH(A9,""(?i)ratio"")"),TRUE) -> TRUE | E9: =IFERROR(__xludf.DUMMYFUNCTION("REGEXMATCH(A9,""(?i)relationship"")"),FALSE) -> FALSE | H9: AlphaParticle,Proton,MassRatio | N9: =if(isblank(M9),"",hyperlink("https://www.wikidata.org/wiki/"&M9,M9))
A10: AlphaParticleRelativeAtomicMass | B10: =VLOOKUP(A10,Quantities!A:B,2,false) -> Alpha Particle Relative Atomic Mass | C10: =countif(Quantities!A:A,A10) -> 1 | D10: =IFERROR(__xludf.DUMMYFUNCTION("REGEXMATCH(A10,""(?i)ratio"")"),FALSE) -> FALSE | E10: =IFERROR(__xludf.DUMMYFUNCTION("REGEXMATCH(A10,""(?i)relationship"")"),FALSE) -> FALSE | H10: AlphaParticle,RelativeAtomicMass | N10: =if(isblank(M10),"",hyperlink("https://www.wikidata.org/wiki/"&M10,M10))
A11: AlphaParticleRmsChargeRadius | B11: =VLOOKUP(A11,Quantities!A:B,2,false) -> Alpha Particle Rms Charge Radius | C11: =countif(Quantities!A:A,A11) -> 1 | D11: =IFERROR(__xludf.DUMMYFUNCTION("REGEXMATCH(A11,""(?i)ratio"")"),FALSE) -> FALSE | E11: =IFERROR(__xludf.DUMMYFUNCTION("REGEXMATCH(A11,""(?i)relationship"")"),FALSE) -> FALSE | H11: AlphaParticle,RmsChargeRadius | N11: =if(isblank(M11),"",hyperlink("https://www.wikidata.org/wiki/"&M11,M11))
A12: Ampere | B12: Ampere | C12: =countif(Quantities!A:A,A12) -> 0 | D12: =IFERROR(__xludf.DUMMYFUNCTION("REGEXMATCH(A12,""(?i)ratio"")"),FALSE) -> FALSE | E12: =IFERROR(__xludf.DUMMYFUNCTION("REGEXMATCH(A12,""(?i)relationship"")"),FALSE) -> FALSE
A13: AngstromStar | B13: =VLOOKUP(A13,Quantities!A:B,2,false) -> Angstrom Star | C13: =countif(Quantities!A:A,A13) -> 1 | D13: =IFERROR(__xludf.DUMMYFUNCTION("REGEXMATCH(A13,""(?i)ratio"")"),FALSE) -> FALSE | E13: =IFERROR(__xludf.DUMMYFUNCTION("REGEXMATCH(A13,""(?i)relationship"")"),FALSE) -> FALSE | N13: =if(isblank(M13),"",hyperlink("https://www.wikidata.org/wiki/"&M13,M13))
A14: AtomicMass | B14: Atomic Mass | C14: =countif(Quantities!A:A,A14) -> 0 | D14: =IFERROR(__xludf.DUMMYFUNCTION("REGEXMATCH(A14,""(?i)ratio"")"),FALSE) -> FALSE | E14: =IFERROR(__xludf.DUMMYFUNCTION("REGEXMATCH(A14,""(?i)relationship"")"),FALSE) -> FALSE | N14: =if(isblank(M14),"",hyperlink("https://www.wikidata.org/wiki/"&M14,M14))
A15: AtomicMassConstant | B15: =VLOOKUP(A15,Quantities!A:B,2,false) -> Atomic Mass Constant | C15: =countif(Quantities!A:A,A15) -> 1 | D15: =IFERROR(__xludf.DUMMYFUNCTION("REGEXMATCH(A15,""(?i)ratio"")"),FALSE) -> FALSE | E15: =IFERROR(__xludf.DUMMYFUNCTION("REGEXMATCH(A15,""(?i)relationship"")"),FALSE) -> FALSE | H15: AtomicMass | N15: =if(isblank(M15),"",hyperlink("https://www.wikidata.org/wiki/"&M15,M15))
A16: AtomicMassConstantEnergyEquivalent | B16: =VLOOKUP(A16,Quantities!A:B,2,false) -> Atomic Mass Constant Energy Equivalent | C16: =countif(Quantities!A:A,A16) -> 1 | D16: =IFERROR(__xludf.DUMMYFUNCTION("REGEXMATCH(A16,""(?i)ratio"")"),FALSE) -> FALSE | E16: =IFERROR(__xludf.DUMMYFUNCTION("REGEXMATCH(A16,""(?i)relationship"")"),FALSE) -> FALSE | H16: AtomicMassConstant,EnergyEquivalent | N16: =if(isblank(M16),"",hyperlink("https://www.wikidata.org/wiki/"&M16,M16))
A17: AtomicMassUnit | B17: AtomicMassUnit | C17: =countif(Quantities!A:A,A17) -> 0 | D17: =IFERROR(__xludf.DUMMYFUNCTION("REGEXMATCH(A17,""(?i)ratio"")"),FALSE) -> FALSE | E17: =IFERROR(__xludf.DUMMYFUNCTION("REGEXMATCH(A17,""(?i)relationship"")"),FALSE) -> FALSE
A18: AtomicMassUnitElectronVoltRelationship | B18: =VLOOKUP(A18,Quantities!A:B,2,false) -> Atomic Mass Unit - Electronvolt Relationship | C18: =countif(Quantities!A:A,A18) -> 1 | D18: =IFERROR(__xludf.DUMMYFUNCTION("REGEXMATCH(A18,""(?i)ratio"")"),FALSE) -> FALSE | E18: =IFERROR(__xludf.DUMMYFUNCTION("REGEXMATCH(A18,""(?i)relationship"")"),TRUE) -> TRUE | H18: AtomicMassUnit,ElectronVolt,Relationship | N18: =if(isblank(M18),"",hyperlink("https://www.wikidata.org/wiki/"&M18,M18))
A19: AtomicMassUnitHartreeRelationship | B19: =VLOOKUP(A19,Quantities!A:B,2,false) -> Atomic Mass Unit - Hartree Relationship | C19: =countif(Quantities!A:A,A19) -> 1 | D19: =IFERROR(__xludf.DUMMYFUNCTION("REGEXMATCH(A19,""(?i)ratio"")"),FALSE) -> FALSE | E19: =IFERROR(__xludf.DUMMYFUNCTION("REGEXMATCH(A19,""(?i)relationship"")"),TRUE) -> TRUE | H19: AtomicMassUnit,Hartree,Relationship | N19: =if(isblank(M19),"",hyperlink("https://www.wikidata.org/wiki/"&M19,M19))
A20: AtomicMassUnitHertzRelationship | B20: =VLOOKUP(A20,Quantities!A:B,2,false) -> Atomic Mass Unit - Hertz Relationship | C20: =countif(Quantities!A:A,A20) -> 1 | D20: =IFERROR(__xludf.DUMMYFUNCTION("REGEXMATCH(A20,""(?i)ratio"")"),FALSE) -> FALSE | E20: =IFERROR(__xludf.DUMMYFUNCTION("REGEXMATCH(A20,""(?i)relationship"")"),TRUE) -> TRUE | H20: AtomicMassUnit,Hertz,Relationship | N20: =if(isblank(M20),"",hyperlink("https://www.wikidata.org/wiki/"&M20,M20))
A21: AtomicMassUnitInverseMeterRelationship | B21: =VLOOKUP(A21,Quantities!A:B,2,false) -> Atomic Mass Unit - Inverse Meter Relationship | C21: =countif(Quantities!A:A,A21) -> 1 | D21: =IFERROR(__xludf.DUMMYFUNCTION("REGEXMATCH(A21,""(?i)ratio"")"),FALSE) -> FALSE | E21: =IFERROR(__xludf.DUMMYFUNCTION("REGEXMATCH(A21,""(?i)relationship"")"),TRUE) -> TRUE | H21: AtomicMassUnit,InverseMeter,Relationship | N21: =if(isblank(M21),"",hyperlink("https://www.wikidata.org/wiki/"&M21,M21))
A22: AtomicMassUnitJouleRelationship | B22: =VLOOKUP(A22,Quantities!A:B,2,false) -> Atomic Mass Unit - Joule Relationship | C22: =countif(Quantities!A:A,A22) -> 1 | D22: =IFERROR(__xludf.DUMMYFUNCTION("REGEXMATCH(A22,""(?i)ratio"")"),FALSE) -> FALSE | E22: =IFERROR(__xludf.DUMMYFUNCTION("REGEXMATCH(A22,""(?i)relationship"")"),TRUE) -> TRUE | H22: AtomicMassUnit,Joule,Relationship | N22: =if(isblank(M22),"",hyperlink("https://www.wikidata.org/wiki/"&M22,M22))
A23: AtomicMassUnitKelvinRelationship | B23: =VLOOKUP(A23,Quantities!A:B,2,false) -> Atomic Mass Unit - Kelvin Relationship | C23: =countif(Quantities!A:A,A23) -> 1 | D23: =IFERROR(__xludf.DUMMYFUNCTION("REGEXMATCH(A23,""(?i)ratio"")"),FALSE) -> FALSE | E23: =IFERROR(__xludf.DUMMYFUNCTION("REGEXMATCH(A23,""(?i)relationship"")"),TRUE) -> TRUE | H23: AtomicMassUnit,Kelvin,Relationship | N23: =if(isblank(M23),"",hyperlink("https://www.wikidata.org/wiki/"&M23,M23))
A24: AtomicMassUnitKilogramRelationship | B24: =VLOOKUP(A24,Quantities!A:B,2,false) -> Atomic Mass Unit - Kilogram Relationship | C24: =countif(Quantities!A:A,A24) -> 1 | D24: =IFERROR(__xludf.DUMMYFUNCTION("REGEXMATCH(A24,""(?i)ratio"")"),FALSE) -> FALSE | E24: =IFERROR(__xludf.DUMMYFUNCTION("REGEXMATCH(A24,""(?i)relationship"")"),TRUE) -> TRUE | H24: AtomicMassUnit,Kilogram,Relationship | N24: =if(isblank(M24),"",hyperlink("https://www.wikidata.org/wiki/"&M24,M24))
A25: AtomicUnit | B25: Atomic Unit | C25: =countif(Quantities!A:A,A25) -> 0 | D25: =IFERROR(__xludf.DUMMYFUNCTION("REGEXMATCH(A25,""(?i)ratio"")"),FALSE) -> FALSE | E25: =IFERROR(__xludf.DUMMYFUNCTION("REGEXMATCH(A25,""(?i)relationship"")"),FALSE) -> FALSE | N25: =if(isblank(M25),"",hyperlink("https://www.wikidata.org/wiki/"&M25,M25)) | O25: A set of fundamental units used in atomic and molecular physics and quantum chemistry.
A26: AtomicUnitOf1stHyperpolarizability | B26: =VLOOKUP(A26,Quantities!A:B,2,false) -> Atomic Unit Of First Hyperpolarizability | C26: =countif(Quantities!A:A,A26) -> 1 | D26: =IFERROR(__xludf.DUMMYFUNCTION("REGEXMATCH(A26,""(?i)ratio"")"),FALSE) -> FALSE | E26: =IFERROR(__xludf.DUMMYFUNCTION("REGEXMATCH(A26,""(?i)relationship"")"),FALSE) -> FALSE | H26: AtomicUnit,Hyperpolarizablity | N26: =if(isblank(M26),"",hyperlink("https://www.wikidata.org/wiki/"&M26,M26))
A27: AtomicUnitOf2ndHyperpolarizability | B27: =VLOOKUP(A27,Quantities!A:B,2,false) -> Atomic Unit Of Second Hyperpolarizability | C27: =countif(Quantities!A:A,A27) -> 1 | D27: =IFERROR(__xludf.DUMMYFUNCTION("REGEXMATCH(A27,""(?i)ratio"")"),FALSE) -> FALSE | E27: =IFERROR(__xludf.DUMMYFUNCTION("REGEXMATCH(A27,""(?i)relationship"")"),FALSE) -> FALSE | H27: AtomicUnit,Hyperpolarizablity | N27: =if(isblank(M27),"",hyperlink("https://www.wikidata.org/wiki/"&M27,M27))
A28: AtomicUnitOfAction | B28: =VLOOKUP(A28,Quantities!A:B,2,false) -> Atomic Unit Of Action | C28: =countif(Quantities!A:A,A28) -> 1 | D28: =IFERROR(__xludf.DUMMYFUNCTION("REGEXMATCH(A28,""(?i)ratio"")"),FALSE) -> FALSE | E28: =IFERROR(__xludf.DUMMYFUNCTION("REGEXMATCH(A28,""(?i)relationship"")"),FALSE) -> FALSE | H28: AtomicUnit,Action | N28: =if(isblank(M28),"",hyperlink("https://www.wikidata.org/wiki/"&M28,M28))
A29: AtomicUnitOfCharge | B29: =VLOOKUP(A29,Quantities!A:B,2,false) -> Atomic Unit Of Charge | C29: =countif(Quantities!A:A,A29) -> 1 | D29: =IFERROR(__xludf.DUMMYFUNCTION("REGEXMATCH(A29,""(?i)ratio"")"),FALSE) -> FALSE | E29: =IFERROR(__xludf.DUMMYFUNCTION("REGEXMATCH(A29,""(?i)relationship"")"),FALSE) -> FALSE | H29: AtomicUnit,Charge | N29: =if(isblank(M29),"",hyperlink("https://www.wikidata.org/wiki/"&M29,M29))
A30: AtomicUnitOfChargeDensity | B30: =VLOOKUP(A30,Quantities!A:B,2,false) -> Atomic Unit Of Charge Density | C30: =countif(Quantities!A:A,A30) -> 1 | D30: =IFERROR(__xludf.DUMMYFUNCTION("REGEXMATCH(A30,""(?i)ratio"")"),FALSE) -> FALSE | E30: =IFERROR(__xludf.DUMMYFUNCTION("REGEXMATCH(A30,""(?i)relationship"")"),FALSE) -> FALSE | H30: AtomicUnit,ChargeDensity | N30: =if(isblank(M30),"",hyperlink("https://www.wikidata.org/wiki/"&M30,M30))
A31: AtomicUnitOfCurrent | B31: =VLOOKUP(A31,Quantities!A:B,2,false) -> Atomic Unit Of Current | C31: =countif(Quantities!A:A,A31) -> 1 | D31: =IFERROR(__xludf.DUMMYFUNCTION("REGEXMATCH(A31,""(?i)ratio"")"),FALSE) -> FALSE | E31: =IFERROR(__xludf.DUMMYFUNCTION("REGEXMATCH(A31,""(?i)relationship"")"),FALSE) -> FALSE | H31: AtomicUnit,Current | N31: =if(isblank(M31),"",hyperlink("https://www.wikidata.org/wiki/"&M31,M31))
A32: AtomicUnitOfElectricDipoleMoment | B32: =VLOOKUP(A32,Quantities!A:B,2,false) -> Atomic Unit Of Electric Dipole Moment | C32: =countif(Quantities!A:A,A32) -> 1 | D32: =IFERROR(__xludf.DUMMYFUNCTION("REGEXMATCH(A32,""(?i)ratio"")"),FALSE) -> FALSE | E32: =IFERROR(__xludf.DUMMYFUNCTION("REGEXMATCH(A32,""(?i)relationship"")"),FALSE) -> FALSE | H32: AtomicUnit,ElectricDipoleMoment | N32: =if(isblank(M32),"",hyperlink("https://www.wikidata.org/wiki/"&M32,M32))
A33: AtomicUnitOfElectricField | B33: =VLOOKUP(A33,Quantities!A:B,2,false) -> Atomic Unit Of Electric Field | C33: =countif(Quantities!A:A,A33) -> 1 | D33: =IFERROR(__xludf.DUMMYFUNCTION("REGEXMATCH(A33,""(?i)ratio"")"),FALSE) -> FALSE | E33: =IFERROR(__xludf.DUMMYFUNCTION("REGEXMATCH(A33,""(?i)relationship"")"),FALSE) -> FALSE | H33: AtomicUnit,ElectricField | N33: =if(isblank(M33),"",hyperlink("https://www.wikidata.org/wiki/"&M33,M33))
A34: AtomicUnitOfElectricFieldGradient | B34: =VLOOKUP(A34,Quantities!A:B,2,false) -> Atomic Unit Of Electric Field Gradient | C34: =countif(Quantities!A:A,A34) -> 1 | D34: =IFERROR(__xludf.DUMMYFUNCTION("REGEXMATCH(A34,""(?i)ratio"")"),FALSE) -> FALSE | E34: =IFERROR(__xludf.DUMMYFUNCTION("REGEXMATCH(A34,""(?i)relationship"")"),FALSE) -> FALSE | H34: AtomicUnit,ElectricFieldGradient | N34: =if(isblank(M34),"",hyperlink("https://www.wikidata.org/wiki/"&M34,M34))
A35: AtomicUnitOfElectricPolarizability | B35: =VLOOKUP(A35,Quantities!A:B,2,false) -> Atomic Unit Of Electric Polarizability | C35: =countif(Quantities!A:A,A35) -> 1 | D35: =IFERROR(__xludf.DUMMYFUNCTION("REGEXMATCH(A35,""(?i)ratio"")"),FALSE) -> FALSE | E35: =IFERROR(__xludf.DUMMYFUNCTION("REGEXMATCH(A35,""(?i)relationship"")"),FALSE) -> FALSE | H35: AtomicUnit,ElectricPolarizability | N35: =if(isblank(M35),"",hyperlink("https://www.wikidata.org/wiki/"&M35,M35))
A36: AtomicUnitOfElectricPotential | B36: =VLOOKUP(A36,Quantities!A:B,2,false) -> Atomic Unit Of Electric Potential | C36: =countif(Quantities!A:A,A36) -> 1 | D36: =IFERROR(__xludf.DUMMYFUNCTION("REGEXMATCH(A36,""(?i)ratio"")"),FALSE) -> FALSE | E36: =IFERROR(__xludf.DUMMYFUNCTION("REGEXMATCH(A36,""(?i)relationship"")"),FALSE) -> FALSE | H36: AtomicUnit,ElectricPotential | N36: =if(isblank(M36),"",hyperlink("https://www.wikidata.org/wiki/"&M36,M36))
A37: AtomicUnitOfElectricQuadrupoleMoment | B37: =VLOOKUP(A37,Quantities!A:B,2,false) -> Atomic Unit Of Electric Quadrupole Moment | C37: =countif(Quantities!A:A,A37) -> 1 | D37: =IFERROR(__xludf.DUMMYFUNCTION("REGEXMATCH(A37,""(?i)ratio"")"),FALSE) -> FALSE | E37: =IFERROR(__xludf.DUMMYFUNCTION("REGEXMATCH(A37,""(?i)relationship"")"),FALSE) -> FALSE | H37: AtomicUnit,ElectricQuadrupoleMoment | N37: =if(isblank(M37),"",hyperlink("https://www.wikidata.org/wiki/"&M37,M37))
A38: AtomicUnitOfEnergy | B38: =VLOOKUP(A38,Quantities!A:B,2,false) -> Atomic Unit Of Energy | C38: =countif(Quantities!A:A,A38) -> 1 | D38: =IFERROR(__xludf.DUMMYFUNCTION("REGEXMATCH(A38,""(?i)ratio"")"),FALSE) -> FALSE | E38: =IFERROR(__xludf.DUMMYFUNCTION("REGEXMATCH(A38,""(?i)relationship"")"),FALSE) -> FALSE | H38: AtomicUnit,Energy | N38: =if(isblank(M38),"",hyperlink("https://www.wikidata.org/wiki/"&M38,M38))
A39: AtomicUnitOfForce | B39: =VLOOKUP(A39,Quantities!A:B,2,false) -> Atomic Unit Of Force | C39: =countif(Quantities!A:A,A39) -> 1 | D39: =IFERROR(__xludf.DUMMYFUNCTION("REGEXMATCH(A39,""(?i)ratio"")"),FALSE) -> FALSE | E39: =IFERROR(__xludf.DUMMYFUNCTION("REGEXMATCH(A39,""(?i)relationship"")"),FALSE) -> FALSE | H39: AtomicUnit,Force | N39: =if(isblank(M39),"",hyperlink("https://www.wikidata.org/wiki/"&M39,M39))
A40: AtomicUnitOfLength | B40: =VLOOKUP(A40,Quantities!A:B,2,false) -> Atomic Unit Of Length | C40: =countif(Quantities!A:A,A40) -> 1 | D40: =IFERROR(__xludf.DUMMYFUNCTION("REGEXMATCH(A40,""(?i)ratio"")"),FALSE) -> FALSE | E40: =IFERROR(__xludf.DUMMYFUNCTION("REGEXMATCH(A40,""(?i)relationship"")"),FALSE) -> FALSE | H40: AtomicUnit,Length | N40: =if(isblank(M40),"",hyperlink("https://www.wikidata.org/wiki/"&M40,M40))
A41: AtomicUnitOfMagneticDipoleMoment | B41: =VLOOKUP(A41,Quantities!A:B,2,false) -> Atomic Unit Of Magnetic Dipole Moment | C41: =countif(Quantities!A:A,A41) -> 1 | D41: =IFERROR(__xludf.DUMMYFUNCTION("REGEXMATCH(A41,""(?i)ratio"")"),FALSE) -> FALSE | E41: =IFERROR(__xludf.DUMMYFUNCTION("REGEXMATCH(A41,""(?i)relationship"")"),FALSE) -> FALSE | H41: AtomicUnit,MagneticDipoleMoment | N41: =if(isblank(M41),"",hyperlink("https://www.wikidata.org/wiki/"&M41,M41))
A42: AtomicUnitOfMagneticFluxDensity | B42: =VLOOKUP(A42,Quantities!A:B,2,false) -> Atomic Unit Of Mag. Flux Density | C42: =countif(Quantities!A:A,A42) -> 1 | D42: =IFERROR(__xludf.DUMMYFUNCTION("REGEXMATCH(A42,""(?i)ratio"")"),FALSE) -> FALSE | E42: =IFERROR(__xludf.DUMMYFUNCTION("REGEXMATCH(A42,""(?i)relationship"")"),FALSE) -> FALSE | H42: AtomicUnit,MagneticFluxDensity | N42: =if(isblank(M42),"",hyperlink("https://www.wikidata.org/wiki/"&M42,M42))
A43: AtomicUnitOfMagnetizability | B43: =VLOOKUP(A43,Quantities!A:B,2,false) -> Atomic Unit Of Magnetizability | C43: =countif(Quantities!A:A,A43) -> 1 | D43: =IFERROR(__xludf.DUMMYFUNCTION("REGEXMATCH(A43,""(?i)ratio"")"),FALSE) -> FALSE | E43: =IFERROR(__xludf.DUMMYFUNCTION("REGEXMATCH(A43,""(?i)relationship"")"),FALSE) -> FALSE | H43: AtomicUnit,Magnetizability | N43: =if(isblank(M43),"",hyperlink("https://www.wikidata.org/wiki/"&M43,M43))
A44: AtomicUnitOfMass | B44: =VLOOKUP(A44,Quantities!A:B,2,false) -> Atomic Unit Of Mass | C44: =countif(Quantities!A:A,A44) -> 1 | D44: =IFERROR(__xludf.DUMMYFUNCTION("REGEXMATCH(A44,""(?i)ratio"")"),FALSE) -> FALSE | E44: =IFERROR(__xludf.DUMMYFUNCTION("REGEXMATCH(A44,""(?i)relationship"")"),FALSE) -> FALSE | H44: AtomicUnit,Mass | N44: =if(isblank(M44),"",hyperlink("https://www.wikidata.org/wiki/"&M44,M44))
A45: AtomicUnitOfMomentum | B45: =VLOOKUP(A45,Quantities!A:B,2,false) -> Atomic Unit Of Momentum | C45: =countif(Quantities!A:A,A45) -> 1 | D45: =IFERROR(__xludf.DUMMYFUNCTION("REGEXMATCH(A45,""(?i)ratio"")"),FALSE) -> FALSE | E45: =IFERROR(__xludf.DUMMYFUNCTION("REGEXMATCH(A45,""(?i)relationship"")"),FALSE) -> FALSE | H45: AtomicUnit,Momentum | N45: =if(isblank(M45),"",hyperlink("https://www.wikidata.org/wiki/"&M45,M45))
A46: AtomicUnitOfPermittivity | B46: =VLOOKUP(A46,Quantities!A:B,2,false) -> Atomic Unit Of Permittivity | C46: =countif(Quantities!A:A,A46) -> 1 | D46: =IFERROR(__xludf.DUMMYFUNCTION("REGEXMATCH(A46,""(?i)ratio"")"),FALSE) -> FALSE | E46: =IFERROR(__xludf.DUMMYFUNCTION("REGEXMATCH(A46,""(?i)relationship"")"),FALSE) -> FALSE | H46: AtomicUnit,Permittivity | N46: =if(isblank(M46),"",hyperlink("https://www.wikidata.org/wiki/"&M46,M46))
A47: AtomicUnitOfTime | B47: =VLOOKUP(A47,Quantities!A:B,2,false) -> Atomic Unit Of Time | C47: =countif(Quantities!A:A,A47) -> 1 | D47: =IFERROR(__xludf.DUMMYFUNCTION("REGEXMATCH(A47,""(?i)ratio"")"),FALSE) -> FALSE | E47: =IFERROR(__xludf.DUMMYFUNCTION("REGEXMATCH(A47,""(?i)relationship"")"),FALSE) -> FALSE | H47: AtomicUnit,Time | N47: =if(isblank(M47),"",hyperlink("https://www.wikidata.org/wiki/"&M47,M47))
A48: AtomicUnitOfVelocity | B48: =VLOOKUP(A48,Quantities!A:B,2,false) -> Atomic Unit Of Velocity | C48: =countif(Quantities!A:A,A48) -> 1 | D48: =IFERROR(__xludf.DUMMYFUNCTION("REGEXMATCH(A48,""(?i)ratio"")"),FALSE) -> FALSE | E48: =IFERROR(__xludf.DUMMYFUNCTION("REGEXMATCH(A48,""(?i)relationship"")"),FALSE) -> FALSE | H48: AtomicUnit,Velocity | N48: =if(isblank(M48),"",hyperlink("https://www.wikidata.org/wiki/"&M48,M48))
A49: Avogadro | B49: Avogadro | C49: =countif(Quantities!A:A,A49) -> 0 | D49: =IFERROR(__xludf.DUMMYFUNCTION("REGEXMATCH(A49,""(?i)ratio"")"),FALSE) -> FALSE | E49: =IFERROR(__xludf.DUMMYFUNCTION("REGEXMATCH(A49,""(?i)relationship"")"),FALSE) -> FALSE
A50: AvogadroConstant | B50: =VLOOKUP(A50,Quantities!A:B,2,false) -> Avogadro Constant | C50: =countif(Quantities!A:A,A50) -> 1 | D50: =IFERROR(__xludf.DUMMYFUNCTION("REGEXMATCH(A50,""(?i)ratio"")"),FALSE) -> FALSE | E50: =IFERROR(__xludf.DUMMYFUNCTION("REGEXMATCH(A50,""(?i)relationship"")"),FALSE) -> FALSE | G50: SIDefiningConstant | H50: Avogadro | N50: =if(isblank(M50),"",hyperlink("https://www.wikidata.org/wiki/"&M50,M50))
A51: BaseSIUnit | B51: Base SI Unit | C51: =countif(Quantities!A:A,A51) -> 0 | D51: =IFERROR(__xludf.DUMMYFUNCTION("REGEXMATCH(A51,""(?i)ratio"")"),FALSE) -> FALSE | E51: =IFERROR(__xludf.DUMMYFUNCTION("REGEXMATCH(A51,""(?i)relationship"")"),FALSE) -> FALSE | N51: =if(isblank(M51),"",hyperlink("https://www.wikidata.org/wiki/"&M51,M51))
A52: Bohr | B52: Bohr | C52: =countif(Quantities!A:A,A52) -> 0 | D52: =IFERROR(__xludf.DUMMYFUNCTION("REGEXMATCH(A52,""(?i)ratio"")"),FALSE) -> FALSE | E52: =IFERROR(__xludf.DUMMYFUNCTION("REGEXMATCH(A52,""(?i)relationship"")"),FALSE) -> FALSE
A53: BohrMagneton | B53: =VLOOKUP(A53,Quantities!A:B,2,false) -> Bohr Magneton | C53: =countif(Quantities!A:A,A53) -> 1 | D53: =IFERROR(__xludf.DUMMYFUNCTION("REGEXMATCH(A53,""(?i)ratio"")"),FALSE) -> FALSE | E53: =IFERROR(__xludf.DUMMYFUNCTION("REGEXMATCH(A53,""(?i)relationship"")"),FALSE) -> FALSE | H53: Bohr | N53: =if(isblank(M53),"",hyperlink("https://www.wikidata.org/wiki/"&M53,M53))
A54: BohrRadius | B54: =VLOOKUP(A54,Quantities!A:B,2,false) -> Bohr Radius | C54: =countif(Quantities!A:A,A54) -> 1 | D54: =IFERROR(__xludf.DUMMYFUNCTION("REGEXMATCH(A54,""(?i)ratio"")"),FALSE) -> FALSE | E54: =IFERROR(__xludf.DUMMYFUNCTION("REGEXMATCH(A54,""(?i)relationship"")"),FALSE) -> FALSE | H54: Bohr,Radius | N54: =if(isblank(M54),"",hyperlink("https://www.wikidata.org/wiki/"&M54,M54))
A55: Boltzmann | B55: Boltzmann | C55: =countif(Quantities!A:A,A55) -> 0 | D55: =IFERROR(__xludf.DUMMYFUNCTION("REGEXMATCH(A55,""(?i)ratio"")"),FALSE) -> FALSE | E55: =IFERROR(__xludf.DUMMYFUNCTION("REGEXMATCH(A55,""(?i)relationship"")"),FALSE) -> FALSE
A56: BoltzmannConstant | B56: =VLOOKUP(A56,Quantities!A:B,2,false) -> Boltzmann Constant | C56: =countif(Quantities!A:A,A56) -> 1 | D56: =IFERROR(__xludf.DUMMYFUNCTION("REGEXMATCH(A56,""(?i)ratio"")"),FALSE) -> FALSE | E56: =IFERROR(__xludf.DUMMYFUNCTION("REGEXMATCH(A56,""(?i)relationship"")"),FALSE) -> FALSE | G56: SIDefiningConstant | H56: Boltzmann | N56: =if(isblank(M56),"",hyperlink("https://www.wikidata.org/wiki/"&M56,M56))
A57: Caesium | B57: Caesium | C57: =countif(Quantities!A:A,A57) -> 0 | D57: =IFERROR(__xludf.DUMMYFUNCTION("REGEXMATCH(A57,""(?i)ratio"")"),FALSE) -> FALSE | E57: =IFERROR(__xludf.DUMMYFUNCTION("REGEXMATCH(A57,""(?i)relationship"")"),FALSE) -> FALSE | M57: Q1108
A58: Caesium133 | B58: Caesium 133 | C58: =countif(Quantities!A:A,A58) -> 0 | D58: =IFERROR(__xludf.DUMMYFUNCTION("REGEXMATCH(A58,""(?i)ratio"")"),FALSE) -> FALSE | E58: =IFERROR(__xludf.DUMMYFUNCTION("REGEXMATCH(A58,""(?i)relationship"")"),FALSE) -> FALSE | H58: Caesium | M58: Q2327948
A59: Carbon | B59: Carbon | C59: =countif(Quantities!A:A,A59) -> 0 | D59: =IFERROR(__xludf.DUMMYFUNCTION("REGEXMATCH(A59,""(?i)ratio"")"),FALSE) -> FALSE | E59: =IFERROR(__xludf.DUMMYFUNCTION("REGEXMATCH(A59,""(?i)relationship"")"),FALSE) -> FALSE | M59: Q623
A60: Carbon12 | B60: Carbon12 | C60: =countif(Quantities!A:A,A60) -> 0 | D60: =IFERROR(__xludf.DUMMYFUNCTION("REGEXMATCH(A60,""(?i)ratio"")"),FALSE) -> FALSE | E60: =IFERROR(__xludf.DUMMYFUNCTION("REGEXMATCH(A60,""(?i)relationship"")"),FALSE) -> FALSE | H60: Carbon | M60: Q1058364
A61: CharacteristicImpedanceOfVacuum | B61: =VLOOKUP(A61,Quantities!A:B,2,false) -> Characteristic Impedance Of Vacuum | C61: =countif(Quantities!A:A,A61) -> 1 | D61: =IFERROR(__xludf.DUMMYFUNCTION("REGEXMATCH(A61,""(?i)ratio"")"),FALSE) -> FALSE | E61: =IFERROR(__xludf.DUMMYFUNCTION("REGEXMATCH(A61,""(?i)relationship"")"),FALSE) -> FALSE | H61: Impedance,Vacuum | N61: =if(isblank(M61),"",hyperlink("https://www.wikidata.org/wiki/"&M61,M61))
A62: Charge | B62: Charge | C62: =countif(Quantities!A:A,A62) -> 0 | D62: =IFERROR(__xludf.DUMMYFUNCTION("REGEXMATCH(A62,""(?i)ratio"")"),FALSE) -> FALSE | E62: =IFERROR(__xludf.DUMMYFUNCTION("REGEXMATCH(A62,""(?i)relationship"")"),FALSE) -> FALSE | N62: =if(isblank(M62),"",hyperlink("https://www.wikidata.org/wiki/"&M62,M62)) | O62: A property of matter that gives rise to electric force.
A63: ChargeDensity | B63: Charge Density | C63: =countif(Quantities!A:A,A63) -> 0 | D63: =IFERROR(__xludf.DUMMYFUNCTION("REGEXMATCH(A63,""(?i)ratio"")"),FALSE) -> FALSE | E63: =IFERROR(__xludf.DUMMYFUNCTION("REGEXMATCH(A63,""(?i)relationship"")"),FALSE) -> FALSE | H63: Charge,Density | N63: =if(isblank(M63),"",hyperlink("https://www.wikidata.org/wiki/"&M63,M63)) | O63: A measure of electric charge per unit volume.
A64: ClassicalElectronRadius | B64: =VLOOKUP(A64,Quantities!A:B,2,false) -> Classical Electron Radius | C64: =countif(Quantities!A:A,A64) -> 1 | D64: =IFERROR(__xludf.DUMMYFUNCTION("REGEXMATCH(A64,""(?i)ratio"")"),FALSE) -> FALSE | E64: =IFERROR(__xludf.DUMMYFUNCTION("REGEXMATCH(A64,""(?i)relationship"")"),FALSE) -> FALSE | H64: Electron,Radius | N64: =if(isblank(M64),"",hyperlink("https://www.wikidata.org/wiki/"&M64,M64))
A65: Compton | B65: Compton | C65: =countif(Quantities!A:A,A65) -> 0 | D65: =IFERROR(__xludf.DUMMYFUNCTION("REGEXMATCH(A65,""(?i)ratio"")"),FALSE) -> FALSE | E65: =IFERROR(__xludf.DUMMYFUNCTION("REGEXMATCH(A65,""(?i)relationship"")"),FALSE) -> FALSE
A66: ComptonWavelength | B66: =VLOOKUP(A66,Quantities!A:B,2,false) -> Compton Wavelength | C66: =countif(Quantities!A:A,A66) -> 1 | D66: =IFERROR(__xludf.DUMMYFUNCTION("REGEXMATCH(A66,""(?i)ratio"")"),FALSE) -> FALSE | E66: =IFERROR(__xludf.DUMMYFUNCTION("REGEXMATCH(A66,""(?i)relationship"")"),FALSE) -> FALSE | H66: Compton,Wavelength | N66: =if(isblank(M66),"",hyperlink("https://www.wikidata.org/wiki/"&M66,M66))
A67: Conductance | B67: Conductance | C67: =countif(Quantities!A:A,A67) -> 0 | D67: =IFERROR(__xludf.DUMMYFUNCTION("REGEXMATCH(A67,""(?i)ratio"")"),FALSE) -> FALSE | E67: =IFERROR(__xludf.DUMMYFUNCTION("REGEXMATCH(A67,""(?i)relationship"")"),FALSE) -> FALSE
A68: ConductanceQuantum | B68: =VLOOKUP(A68,Quantities!A:B,2,false) -> Conductance Quantum | C68: =countif(Quantities!A:A,A68) -> 1 | D68: =IFERROR(__xludf.DUMMYFUNCTION("REGEXMATCH(A68,""(?i)ratio"")"),FALSE) -> FALSE | E68: =IFERROR(__xludf.DUMMYFUNCTION("REGEXMATCH(A68,""(?i)relationship"")"),FALSE) -> FALSE | H68: Conductance | N68: =if(isblank(M68),"",hyperlink("https://www.wikidata.org/wiki/"&M68,M68))
A69: Constant | B69: Constant | C69: =countif(Quantities!A:A,A69) -> 0 | D69: =IFERROR(__xludf.DUMMYFUNCTION("REGEXMATCH(A69,""(?i)ratio"")"),FALSE) -> FALSE | E69: =IFERROR(__xludf.DUMMYFUNCTION("REGEXMATCH(A69,""(?i)relationship"")"),FALSE) -> FALSE | N69: =if(isblank(M69),"",hyperlink("https://www.wikidata.org/wiki/"&M69,M69))
A70: ConventionalValue | B70: ConventionalValue | C70: =countif(Quantities!A:A,A70) -> 0 | D70: =IFERROR(__xludf.DUMMYFUNCTION("REGEXMATCH(A70,""(?i)ratio"")"),FALSE) -> FALSE | E70: =IFERROR(__xludf.DUMMYFUNCTION("REGEXMATCH(A70,""(?i)relationship"")"),FALSE) -> FALSE
A71: ConventionalValueOfAmpere90 | B71: =VLOOKUP(A71,Quantities!A:B,2,false) -> Conventional Value Of Ampere-90 | C71: =countif(Quantities!A:A,A71) -> 1 | D71: =IFERROR(__xludf.DUMMYFUNCTION("REGEXMATCH(A71,""(?i)ratio"")"),FALSE) -> FALSE | E71: =IFERROR(__xludf.DUMMYFUNCTION("REGEXMATCH(A71,""(?i)relationship"")"),FALSE) -> FALSE | H71: ConventionalValue,Ampere | N71: =if(isblank(M71),"",hyperlink("https://www.wikidata.org/wiki/"&M71,M71))
A72: ConventionalValueOfCoulomb90 | B72: =VLOOKUP(A72,Quantities!A:B,2,false) -> Conventional Value Of Coulomb-90 | C72: =countif(Quantities!A:A,A72) -> 1 | D72: =IFERROR(__xludf.DUMMYFUNCTION("REGEXMATCH(A72,""(?i)ratio"")"),FALSE) -> FALSE | E72: =IFERROR(__xludf.DUMMYFUNCTION("REGEXMATCH(A72,""(?i)relationship"")"),FALSE) -> FALSE | H72: ConventionalValue,Coulomb | N72: =if(isblank(M72),"",hyperlink("https://www.wikidata.org/wiki/"&M72,M72))
A73: ConventionalValueOfFarad90 | B73: =VLOOKUP(A73,Quantities!A:B,2,false) -> Conventional Value Of Farad-90 | C73: =countif(Quantities!A:A,A73) -> 1 | D73: =IFERROR(__xludf.DUMMYFUNCTION("REGEXMATCH(A73,""(?i)ratio"")"),FALSE) -> FALSE | E73: =IFERROR(__xludf.DUMMYFUNCTION("REGEXMATCH(A73,""(?i)relationship"")"),FALSE) -> FALSE | H73: ConventionalValue,Farad | N73: =if(isblank(M73),"",hyperlink("https://www.wikidata.org/wiki/"&M73,M73))
A74: ConventionalValueOfHenry90 | B74: =VLOOKUP(A74,Quantities!A:B,2,false) -> Conventional Value Of Henry-90 | C74: =countif(Quantities!A:A,A74) -> 1 | D74: =IFERROR(__xludf.DUMMYFUNCTION("REGEXMATCH(A74,""(?i)ratio"")"),FALSE) -> FALSE | E74: =IFERROR(__xludf.DUMMYFUNCTION("REGEXMATCH(A74,""(?i)relationship"")"),FALSE) -> FALSE | H74: ConventionalValue,Henry | N74: =if(isblank(M74),"",hyperlink("https://www.wikidata.org/wiki/"&M74,M74))
A75: ConventionalValueOfJosephsonConstant | B75: =VLOOKUP(A75,Quantities!A:B,2,false) -> Conventional Value Of Josephson Constant | C75: =countif(Quantities!A:A,A75) -> 1 | D75: =IFERROR(__xludf.DUMMYFUNCTION("REGEXMATCH(A75,""(?i)ratio"")"),FALSE) -> FALSE | E75: =IFERROR(__xludf.DUMMYFUNCTION("REGEXMATCH(A75,""(?i)relationship"")"),FALSE) -> FALSE | H75: ConventionalValue,JosephsonConstant | N75: =if(isblank(M75),"",hyperlink("https://www.wikidata.org/wiki/"&M75,M75))
A76: ConventionalValueOfOhm90 | B76: =VLOOKUP(A76,Quantities!A:B,2,false) -> Conventional Value Of Ohm-90 | C76: =countif(Quantities!A:A,A76) -> 1 | D76: =IFERROR(__xludf.DUMMYFUNCTION("REGEXMATCH(A76,""(?i)ratio"")"),FALSE) -> FALSE | E76: =IFERROR(__xludf.DUMMYFUNCTION("REGEXMATCH(A76,""(?i)relationship"")"),FALSE) -> FALSE | H76: ConventionalValue,Ohm | N76: =if(isblank(M76),"",hyperlink("https://www.wikidata.org/wiki/"&M76,M76))
A77: ConventionalValueOfVolt90 | B77: =VLOOKUP(A77,Quantities!A:B,2,false) -> Conventional Value Of Volt-90 | C77: =countif(Quantities!A:A,A77) -> 1 | D77: =IFERROR(__xludf.DUMMYFUNCTION("REGEXMATCH(A77,""(?i)ratio"")"),FALSE) -> FALSE | E77: =IFERROR(__xludf.DUMMYFUNCTION("REGEXMATCH(A77,""(?i)relationship"")"),FALSE) -> FALSE | H77: ConventionalValue,Volt | N77: =if(isblank(M77),"",hyperlink("https://www.wikidata.org/wiki/"&M77,M77))
A78: ConventionalValueOfVonKlitzingConstant | B78: =VLOOKUP(A78,Quantities!A:B,2,false) -> Conventional Value Of Von Klitzing Constant | C78: =countif(Quantities!A:A,A78) -> 1 | D78: =IFERROR(__xludf.DUMMYFUNCTION("REGEXMATCH(A78,""(?i)ratio"")"),FALSE) -> FALSE | E78: =IFERROR(__xludf.DUMMYFUNCTION("REGEXMATCH(A78,""(?i)relationship"")"),FALSE) -> FALSE | H78: ConventionalValue,VonKlitzingConstant | N78: =if(isblank(M78),"",hyperlink("https://www.wikidata.org/wiki/"&M78,M78))
A79: ConventionalValueOfWatt90 | B79: =VLOOKUP(A79,Quantities!A:B,2,false) -> Conventional Value Of Watt-90 | C79: =countif(Quantities!A:A,A79) -> 1 | D79: =IFERROR(__xludf.DUMMYFUNCTION("REGEXMATCH(A79,""(?i)ratio"")"),FALSE) -> FALSE | E79: =IFERROR(__xludf.DUMMYFUNCTION("REGEXMATCH(A79,""(?i)relationship"")"),FALSE) -> FALSE | H79: ConventionalValue,Watt | N79: =if(isblank(M79),"",hyperlink("https://www.wikidata.org/wiki/"&M79,M79))
A80: Copper | B80: Copper | C80: =countif(Quantities!A:A,A80) -> 0 | D80: =IFERROR(__xludf.DUMMYFUNCTION("REGEXMATCH(A80,""(?i)ratio"")"),FALSE) -> FALSE | E80: =IFERROR(__xludf.DUMMYFUNCTION("REGEXMATCH(A80,""(?i)relationship"")"),FALSE) -> FALSE
A81: Coulomb | B81: Coulomb | C81: =countif(Quantities!A:A,A81) -> 0 | D81: =IFERROR(__xludf.DUMMYFUNCTION("REGEXMATCH(A81,""(?i)ratio"")"),FALSE) -> FALSE | E81: =IFERROR(__xludf.DUMMYFUNCTION("REGEXMATCH(A81,""(?i)relationship"")"),FALSE) -> FALSE
A82: CrossSection | B82: Cross Section | C82: =countif(Quantities!A:A,A82) -> 0 | D82: =IFERROR(__xludf.DUMMYFUNCTION("REGEXMATCH(A82,""(?i)ratio"")"),FALSE) -> FALSE | E82: =IFERROR(__xludf.DUMMYFUNCTION("REGEXMATCH(A82,""(?i)relationship"")"),FALSE) -> FALSE
A83: Current | B83: Current | C83: =countif(Quantities!A:A,A83) -> 0 | D83: =IFERROR(__xludf.DUMMYFUNCTION("REGEXMATCH(A83,""(?i)ratio"")"),FALSE) -> FALSE | E83: =IFERROR(__xludf.DUMMYFUNCTION("REGEXMATCH(A83,""(?i)relationship"")"),FALSE) -> FALSE | N83: =if(isblank(M83),"",hyperlink("https://www.wikidata.org/wiki/"&M83,M83)) | O83: The rate of flow of electric charge.
A84: CuXUnit | B84: =VLOOKUP(A84,Quantities!A:B,2,false) -> Copper X Unit | C84: =countif(Quantities!A:A,A84) -> 1 | D84: =IFERROR(__xludf.DUMMYFUNCTION("REGEXMATCH(A84,""(?i)ratio"")"),FALSE) -> FALSE | E84: =IFERROR(__xludf.DUMMYFUNCTION("REGEXMATCH(A84,""(?i)relationship"")"),FALSE) -> FALSE | H84: Copper | N84: =if(isblank(M84),"",hyperlink("https://www.wikidata.org/wiki/"&M84,M84))
A85: Density | B85: Density | C85: =countif(Quantities!A:A,A85) -> 0 | D85: =IFERROR(__xludf.DUMMYFUNCTION("REGEXMATCH(A85,""(?i)ratio"")"),FALSE) -> FALSE | E85: =IFERROR(__xludf.DUMMYFUNCTION("REGEXMATCH(A85,""(?i)relationship"")"),FALSE) -> FALSE | N85: =if(isblank(M85),"",hyperlink("https://www.wikidata.org/wiki/"&M85,M85))
A86: Deuteron | B86: Deuteron | C86: =countif(Quantities!A:A,A86) -> 0 | D86: =IFERROR(__xludf.DUMMYFUNCTION("REGEXMATCH(A86,""(?i)ratio"")"),FALSE) -> FALSE | E86: =IFERROR(__xludf.DUMMYFUNCTION("REGEXMATCH(A86,""(?i)relationship"")"),FALSE) -> FALSE | M86: Q503527 | N86: =if(isblank(M86),"",hyperlink("https://www.wikidata.org/wiki/"&M86,M86)) -> Q503527
A87: DeuteronElectronMagneticMomentRatio | B87: =VLOOKUP(A87,Quantities!A:B,2,false) -> Deuteron - Electron Magnetic Moment Ratio | C87: =countif(Quantities!A:A,A87) -> 1 | D87: =IFERROR(__xludf.DUMMYFUNCTION("REGEXMATCH(A87,""(?i)ratio"")"),TRUE) -> TRUE | E87: =IFERROR(__xludf.DUMMYFUNCTION("REGEXMATCH(A87,""(?i)relationship"")"),FALSE) -> FALSE | H87: Deuteron,Electron,MagneticMoment,Ratio | N87: =if(isblank(M87),"",hyperlink("https://www.wikidata.org/wiki/"&M87,M87))
A88: DeuteronElectronMassRatio | B88: =VLOOKUP(A88,Quantities!A:B,2,false) -> Deuteron - Electron Mass Ratio | C88: =countif(Quantities!A:A,A88) -> 1 | D88: =IFERROR(__xludf.DUMMYFUNCTION("REGEXMATCH(A88,""(?i)ratio"")"),TRUE) -> TRUE | E88: =IFERROR(__xludf.DUMMYFUNCTION("REGEXMATCH(A88,""(?i)relationship"")"),FALSE) -> FALSE | H88: Deuteron,Electron,MassRatio | N88: =if(isblank(M88),"",hyperlink("https://www.wikidata.org/wiki/"&M88,M88))
A89: DeuteronGFactor | B89: =VLOOKUP(A89,Quantities!A:B,2,false) -> Deuteron G Factor | C89: =countif(Quantities!A:A,A89) -> 1 | D89: =IFERROR(__xludf.DUMMYFUNCTION("REGEXMATCH(A89,""(?i)ratio"")"),FALSE) -> FALSE | E89: =IFERROR(__xludf.DUMMYFUNCTION("REGEXMATCH(A89,""(?i)relationship"")"),FALSE) -> FALSE | H89: Deuteron,GFactor | N89: =if(isblank(M89),"",hyperlink("https://www.wikidata.org/wiki/"&M89,M89))
A90: DeuteronMagneticMoment | B90: =VLOOKUP(A90,Quantities!A:B,2,false) -> Deuteron Magnetic Moment | C90: =countif(Quantities!A:A,A90) -> 1 | D90: =IFERROR(__xludf.DUMMYFUNCTION("REGEXMATCH(A90,""(?i)ratio"")"),FALSE) -> FALSE | E90: =IFERROR(__xludf.DUMMYFUNCTION("REGEXMATCH(A90,""(?i)relationship"")"),FALSE) -> FALSE | H90: Deuteron,MagneticMoment | N90: =if(isblank(M90),"",hyperlink("https://www.wikidata.org/wiki/"&M90,M90))
A91: DeuteronMagneticMomentToBohrMagnetonRatio | B91: =VLOOKUP(A91,Quantities!A:B,2,false) -> Deuteron Magnetic Moment To Bohr Magneton Ratio | C91: =countif(Quantities!A:A,A91) -> 1 | D91: =IFERROR(__xludf.DUMMYFUNCTION("REGEXMATCH(A91,""(?i)ratio"")"),TRUE) -> TRUE | E91: =IFERROR(__xludf.DUMMYFUNCTION("REGEXMATCH(A91,""(?i)relationship"")"),FALSE) -> FALSE | H91: Deuteron,MagneticMoment,BohrMagneton,Ratio | N91: =if(isblank(M91),"",hyperlink("https://www.wikidata.org/wiki/"&M91,M91))
A92: DeuteronMagneticMomentToNuclearMagnetonRatio | B92: =VLOOKUP(A92,Quantities!A:B,2,false) -> Deuteron Magnetic Moment To Nuclear Magneton Ratio | C92: =countif(Quantities!A:A,A92) -> 1 | D92: =IFERROR(__xludf.DUMMYFUNCTION("REGEXMATCH(A92,""(?i)ratio"")"),TRUE) -> TRUE | E92: =IFERROR(__xludf.DUMMYFUNCTION("REGEXMATCH(A92,""(?i)relationship"")"),FALSE) -> FALSE | H92: Deuteron,MagneticMoment,NuclearMagneton,Ratio | N92: =if(isblank(M92),"",hyperlink("https://www.wikidata.org/wiki/"&M92,M92))
A93: DeuteronMass | B93: =VLOOKUP(A93,Quantities!A:B,2,false) -> Deuteron Mass | C93: =countif(Quantities!A:A,A93) -> 1 | D93: =IFERROR(__xludf.DUMMYFUNCTION("REGEXMATCH(A93,""(?i)ratio"")"),FALSE) -> FALSE | E93: =IFERROR(__xludf.DUMMYFUNCTION("REGEXMATCH(A93,""(?i)relationship"")"),FALSE) -> FALSE | H93: Deuteron,Mass | N93: =if(isblank(M93),"",hyperlink("https://www.wikidata.org/wiki/"&M93,M93))
A94: DeuteronMassEnergyEquivalent | B94: =VLOOKUP(A94,Quantities!A:B,2,false) -> Deuteron Mass Energy Equivalent | C94: =countif(Quantities!A:A,A94) -> 1 | D94: =IFERROR(__xludf.DUMMYFUNCTION("REGEXMATCH(A94,""(?i)ratio"")"),FALSE) -> FALSE | E94: =IFERROR(__xludf.DUMMYFUNCTION("REGEXMATCH(A94,""(?i)relationship"")"),FALSE) -> FALSE | H94: DeuteronMass,EnergyEquivalent | N94: =if(isblank(M94),"",hyperlink("https://www.wikidata.org/wiki/"&M94,M94))
A95: DeuteronMolarMass | B95: =VLOOKUP(A95,Quantities!A:B,2,false) -> Deuteron Molar Mass | C95: =countif(Quantities!A:A,A95) -> 1 | D95: =IFERROR(__xludf.DUMMYFUNCTION("REGEXMATCH(A95,""(?i)ratio"")"),FALSE) -> FALSE | E95: =IFERROR(__xludf.DUMMYFUNCTION("REGEXMATCH(A95,""(?i)relationship"")"),FALSE) -> FALSE | H95: Deuteron,MolarMass | N95: =if(isblank(M95),"",hyperlink("https://www.wikidata.org/wiki/"&M95,M95))
A96: DeuteronNeutronMagneticMomentRatio | B96: =VLOOKUP(A96,Quantities!A:B,2,false) -> Deuteron - Neutron Magnetic Moment Ratio | C96: =countif(Quantities!A:A,A96) -> 1 | D96: =IFERROR(__xludf.DUMMYFUNCTION("REGEXMATCH(A96,""(?i)ratio"")"),TRUE) -> TRUE | E96: =IFERROR(__xludf.DUMMYFUNCTION("REGEXMATCH(A96,""(?i)relationship"")"),FALSE) -> FALSE | H96: Deuteron,Neutron,MagneticMoment,Ratio | N96: =if(isblank(M96),"",hyperlink("https://www.wikidata.org/wiki/"&M96,M96))
A97: DeuteronProtonMagneticMomentRatio | B97: =VLOOKUP(A97,Quantities!A:B,2,false) -> Deuteron - Proton Magnetic Moment Ratio | C97: =countif(Quantities!A:A,A97) -> 1 | D97: =IFERROR(__xludf.DUMMYFUNCTION("REGEXMATCH(A97,""(?i)ratio"")"),TRUE) -> TRUE | E97: =IFERROR(__xludf.DUMMYFUNCTION("REGEXMATCH(A97,""(?i)relationship"")"),FALSE) -> FALSE | H97: Deuteron,Proton,MagneticMoment,Ratio | N97: =if(isblank(M97),"",hyperlink("https://www.wikidata.org/wiki/"&M97,M97))
A98: DeuteronProtonMassRatio | B98: =VLOOKUP(A98,Quantities!A:B,2,false) -> Deuteron - Proton Mass Ratio | C98: =countif(Quantities!A:A,A98) -> 1 | D98: =IFERROR(__xludf.DUMMYFUNCTION("REGEXMATCH(A98,""(?i)ratio"")"),TRUE) -> TRUE | E98: =IFERROR(__xludf.DUMMYFUNCTION("REGEXMATCH(A98,""(?i)relationship"")"),FALSE) -> FALSE | H98: Deuteron,Proton,MassRatio | N98: =if(isblank(M98),"",hyperlink("https://www.wikidata.org/wiki/"&M98,M98))
A99: DeuteronRelativeAtomicMass | B99: =VLOOKUP(A99,Quantities!A:B,2,false) -> Deuteron Relative Atomic Mass | C99: =countif(Quantities!A:A,A99) -> 1 | D99: =IFERROR(__xludf.DUMMYFUNCTION("REGEXMATCH(A99,""(?i)ratio"")"),FALSE) -> FALSE | E99: =IFERROR(__xludf.DUMMYFUNCTION("REGEXMATCH(A99,""(?i)relationship"")"),FALSE) -> FALSE | H99: Deuteron,RelativeAtomicMass | N99: =if(isblank(M99),"",hyperlink("https://www.wikidata.org/wiki/"&M99,M99))
A100: DeuteronRmsChargeRadius | B100: =VLOOKUP(A100,Quantities!A:B,2,false) -> Deuteron Rms Charge Radius | C100: =countif(Quantities!A:A,A100) -> 1 | D100: =IFERROR(__xludf.DUMMYFUNCTION("REGEXMATCH(A100,""(?i)ratio"")"),FALSE) -> FALSE | E100: =IFERROR(__xludf.DUMMYFUNCTION("REGEXMATCH(A100,""(?i)relationship"")"),FALSE) -> FALSE | H100: Deuteron,RmsChargeRadius | N100: =if(isblank(M100),"",hyperlink("https://www.wikidata.org/wiki/"&M100,M100))
...

Sheet Quantities
A1: id | B1: name | C1: notation | D1: has_concept | E1: n_constants | F1: uri
A2: AlphaParticleElectronMassRatio | B2: Alpha Particle - Electron Mass Ratio | D2: =COUNTIF(Concepts!A:A,A2) -> 1 | E2: =countif(Constants!J:J,$A2) -> 1 | F2: =CONCATENATE("https://w3ids.org/codata/fundamental/quantities/",A2) -> https://w3ids.org/codata/fundamental/quantities/AlphaParticleElectronMassRatio
A3: AlphaParticleMass | B3: Alpha Particle Mass | D3: =COUNTIF(Concepts!A:A,A3) -> 1 | E3: =countif(Constants!J:J,$A3) -> 2 | F3: =CONCATENATE("https://w3ids.org/codata/fundamental/quantities/",A3) -> https://w3ids.org/codata/fundamental/quantities/AlphaParticleMass
A4: AlphaParticleMassEnergyEquivalent | B4: Alpha Particle Mass Energy Equivalent | D4: =COUNTIF(Concepts!A:A,A4) -> 1 | E4: =countif(Constants!J:J,$A4) -> 2 | F4: =CONCATENATE("https://w3ids.org/codata/fundamental/quantities/",A4) -> https://w3ids.org/codata/fundamental/quantities/AlphaParticleMassEnergyEquivalent
A5: AlphaParticleMolarMass | B5: Alpha Particle Molar Mass | D5: =COUNTIF(Concepts!A:A,A5) -> 1 | E5: =countif(Constants!J:J,$A5) -> 1 | F5: =CONCATENATE("https://w3ids.org/codata/fundamental/quantities/",A5) -> https://w3ids.org/codata/fundamental/quantities/AlphaParticleMolarMass
A6: AlphaParticleProtonMassRatio | B6: Alpha Particle - Proton Mass Ratio | D6: =COUNTIF(Concepts!A:A,A6) -> 1 | E6: =countif(Constants!J:J,$A6) -> 1 | F6: =CONCATENATE("https://w3ids.org/codata/fundamental/quantities/",A6) -> https://w3ids.org/codata/fundamental/quantities/AlphaParticleProtonMassRatio
A7: AlphaParticleRelativeAtomicMass | B7: Alpha Particle Relative Atomic Mass | D7: =COUNTIF(Concepts!A:A,A7) -> 1 | E7: =countif(Constants!J:J,$A7) -> 1 | F7: =CONCATENATE("https://w3ids.org/codata/fundamental/quantities/",A7) -> https://w3ids.org/codata/fundamental/quantities/AlphaParticleRelativeAtomicMass
A8: AlphaParticleRmsChargeRadius | B8: Alpha Particle Rms Charge Radius | D8: =COUNTIF(Concepts!A:A,A8) -> 1 | E8: =countif(Constants!J:J,$A8) -> 1 | F8: =CONCATENATE("https://w3ids.org/codata/fundamental/quantities/",A8) -> https://w3ids.org/codata/fundamental/quantities/AlphaParticleRmsChargeRadius
A9: AngstromStar | B9: Angstrom Star | C9: Å* | D9: =COUNTIF(Concepts!A:A,A9) -> 1 | E9: =countif(Constants!J:J,$A9) -> 1 | F9: =CONCATENATE("https://w3ids.org/codata/fundamental/quantities/",A9) -> https://w3ids.org/codata/fundamental/quantities/AngstromStar
A10: AtomicMassConstant | B10: Atomic Mass Constant | D10: =COUNTIF(Concepts!A:A,A10) -> 1 | E10: =countif(Constants!J:J,$A10) -> 1 | F10: =CONCATENATE("https://w3ids.org/codata/fundamental/quantities/",A10) -> https://w3ids.org/codata/fundamental/quantities/AtomicMassConstant
A11: AtomicMassConstantEnergyEquivalent | B11: Atomic Mass Constant Energy Equivalent | D11: =COUNTIF(Concepts!A:A,A11) -> 1 | E11: =countif(Constants!J:J,$A11) -> 2 | F11: =CONCATENATE("https://w3ids.org/codata/fundamental/quantities/",A11) -> https://w3ids.org/codata/fundamental/quantities/AtomicMassConstantEnergyEquivalent
A12: AtomicMassUnitElectronVoltRelationship | B12: Atomic Mass Unit - Electronvolt Relationship | D12: =COUNTIF(Concepts!A:A,A12) -> 1 | E12: =countif(Constants!J:J,$A12) -> 1 | F12: =CONCATENATE("https://w3ids.org/codata/fundamental/quantities/",A12) -> https://w3ids.org/codata/fundamental/quantities/AtomicMassUnitElectronVoltRelationship
A13: AtomicMassUnitHartreeRelationship | B13: Atomic Mass Unit - Hartree Relationship | D13: =COUNTIF(Concepts!A:A,A13) -> 1 | E13: =countif(Constants!J:J,$A13) -> 1 | F13: =CONCATENATE("https://w3ids.org/codata/fundamental/quantities/",A13) -> https://w3ids.org/codata/fundamental/quantities/AtomicMassUnitHartreeRelationship
A14: AtomicMassUnitHertzRelationship | B14: Atomic Mass Unit - Hertz Relationship | D14: =COUNTIF(Concepts!A:A,A14) -> 1 | E14: =countif(Constants!J:J,$A14) -> 1 | F14: =CONCATENATE("https://w3ids.org/codata/fundamental/quantities/",A14) -> https://w3ids.org/codata/fundamental/quantities/AtomicMassUnitHertzRelationship
A15: AtomicMassUnitInverseMeterRelationship | B15: Atomic Mass Unit - Inverse Meter Relationship | D15: =COUNTIF(Concepts!A:A,A15) -> 1 | E15: =countif(Constants!J:J,$A15) -> 1 | F15: =CONCATENATE("https://w3ids.org/codata/fundamental/quantities/",A15) -> https://w3ids.org/codata/fundamental/quantities/AtomicMassUnitInverseMeterRelationship
A16: AtomicMassUnitJouleRelationship | B16: Atomic Mass Unit - Joule Relationship | D16: =COUNTIF(Concepts!A:A,A16) -> 1 | E16: =countif(Constants!J:J,$A16) -> 1 | F16: =CONCATENATE("https://w3ids.org/codata/fundamental/quantities/",A16) -> https://w3ids.org/codata/fundamental/quantities/AtomicMassUnitJouleRelationship
A17: AtomicMassUnitKelvinRelationship | B17: Atomic Mass Unit - Kelvin Relationship | D17: =COUNTIF(Concepts!A:A,A17) -> 1 | E17: =countif(Constants!J:J,$A17) -> 1 | F17: =CONCATENATE("https://w3ids.org/codata/fundamental/quantities/",A17) -> https://w3ids.org/codata/fundamental/quantities/AtomicMassUnitKelvinRelationship
A18: AtomicMassUnitKilogramRelationship | B18: Atomic Mass Unit - Kilogram Relationship | D18: =COUNTIF(Concepts!A:A,A18) -> 1 | E18: =countif(Constants!J:J,$A18) -> 1 | F18: =CONCATENATE("https://w3ids.org/codata/fundamental/quantities/",A18) -> https://w3ids.org/codata/fundamental/quantities/AtomicMassUnitKilogramRelationship
A19: AtomicUnitOf1stHyperpolarizability | B19: Atomic Unit Of First Hyperpolarizability | D19: =COUNTIF(Concepts!A:A,A19) -> 1 | E19: =countif(Constants!J:J,$A19) -> 1 | F19: =CONCATENATE("https://w3ids.org/codata/fundamental/quantities/",A19) -> https://w3ids.org/codata/fundamental/quantities/AtomicUnitOf1stHyperpolarizability
A20: AtomicUnitOf2ndHyperpolarizability | B20: Atomic Unit Of Second Hyperpolarizability | D20: =COUNTIF(Concepts!A:A,A20) -> 1 | E20: =countif(Constants!J:J,$A20) -> 1 | F20: =CONCATENATE("https://w3ids.org/codata/fundamental/quantities/",A20) -> https://w3ids.org/codata/fundamental/quantities/AtomicUnitOf2ndHyperpolarizability
A21: AtomicUnitOfAction | B21: Atomic Unit Of Action | D21: =COUNTIF(Concepts!A:A,A21) -> 1 | E21: =countif(Constants!J:J,$A21) -> 1 | F21: =CONCATENATE("https://w3ids.org/codata/fundamental/quantities/",A21) -> https://w3ids.org/codata/fundamental/quantities/AtomicUnitOfAction
... A140: HertzKilogramRelationship | B140: Hertz - Kilogram Relationship | D140: =COUNTIF(Concepts!A:A,A140) -> 1 | E140: =countif(Constants!J:J,$A140) -> 1 | F140: =CONCATENATE("https://w3ids.org/codata/fundamental/quantities/",A140) -> https://w3ids.org/codata/fundamental/quantities/HertzKilogramRelationship
A141: HyperfineTransitionFrequencyOfCs133 | B141: Hyperfine Transition Frequency Of Cs-133 | C141: (\(\Delta \nu _{Cs}\) | D141: =COUNTIF(Concepts!A:A,A141) -> 1 | E141: =countif(Constants!J:J,$A141) -> 1 | F141: =CONCATENATE("https://w3ids.org/codata/fundamental/quantities/",A141) -> https://w3ids.org/codata/fundamental/quantities/HyperfineTransitionFrequencyOfCs133
A142: InverseFineStructureConstant | B142: Inverse Fine-Structure Constant | D142: =COUNTIF(Concepts!A:A,A142) -> 1 | E142: =countif(Constants!J:J,$A142) -> 1 | F142: =CONCATENATE("https://w3ids.org/codata/fundamental/quantities/",A142) -> https://w3ids.org/codata/fundamental/quantities/InverseFineStructureConstant
A143: InverseMeterAtomicMassUnitRelationship | B143: Inverse Meter - Atomic Mass Unit Relationship | D143: =COUNTIF(Concepts!A:A,A143) -> 1 | E143: =countif(Constants!J:J,$A143) -> 1 | F143: =CONCATENATE("https://w3ids.org/codata/fundamental/quantities/",A143) -> https://w3ids.org/codata/fundamental/quantities/InverseMeterAtomicMassUnitRelationship
A144: InverseMeterElectronVoltRelationship | B144: Inverse Meter - Electronvolt Relationship | D144: =COUNTIF(Concepts!A:A,A144) -> 1 | E144: =countif(Constants!J:J,$A144) -> 1 | F144: =CONCATENATE("https://w3ids.org/codata/fundamental/quantities/",A144) -> https://w3ids.org/codata/fundamental/quantities/InverseMeterElectronVoltRelationship
A145: InverseMeterHartreeRelationship | B145: Inverse Meter-Hartree Relationship | D145: =COUNTIF(Concepts!A:A,A145) -> 1 | E145: =countif(Constants!J:J,$A145) -> 1 | F145: =CONCATENATE("https://w3ids.org/codata/fundamental/quantities/",A145) -> https://w3ids.org/codata/fundamental/quantities/InverseMeterHartreeRelationship
A146: InverseMeterHertzRelationship | B146: Inverse Meter - Hertz Relationship | D146: =COUNTIF(Concepts!A:A,A146) -> 1 | E146: =countif(Constants!J:J,$A146) -> 1 | F146: =CONCATENATE("https://w3ids.org/codata/fundamental/quantities/",A146) -> https://w3ids.org/codata/fundamental/quantities/InverseMeterHertzRelationship
A147: InverseMeterJouleRelationship | B147: Inverse Meter - Joule Relationship | D147: =COUNTIF(Concepts!A:A,A147) -> 1 | E147: =countif(Constants!J:J,$A147) -> 1 | F147: =CONCATENATE("https://w3ids.org/codata/fundamental/quantities/",A147) -> https://w3ids.org/codata/fundamental/quantities/InverseMeterJouleRelationship
A148: InverseMeterKelvinRelationship | B148: Inverse Meter - Kelvin Relationship | D148: =COUNTIF(Concepts!A:A,A148) -> 1 | E148: =countif(Constants!J:J,$A148) -> 1 | F148: =CONCATENATE("https://w3ids.org/codata/fundamental/quantities/",A148) -> https://w3ids.org/codata/fundamental/quantities/InverseMeterKelvinRelationship
A149: InverseMeterKilogramRelationship | B149: Inverse Meter - Kilogram Relationship | D149: =COUNTIF(Concepts!A:A,A149) -> 1 | E149: =countif(Constants!J:J,$A149) -> 1 | F149: =CONCATENATE("https://w3ids.org/codata/fundamental/quantities/",A149) -> https://w3ids.org/codata/fundamental/quantities/InverseMeterKilogramRelationship
A150: InverseOfConductanceQuantum | B150: Inverse Of Conductance Quantum | D150: =COUNTIF(Concepts!A:A,A150) -> 1 | E150: =countif(Constants!J:J,$A150) -> 1 | F150: =CONCATENATE("https://w3ids.org/codata/fundamental/quantities/",A150) -> https://w3ids.org/codata/fundamental/quantities/InverseOfConductanceQuantum
A151: JosephsonConstant | B151: Josephson Constant | D151: =COUNTIF(Concepts!A:A,A151) -> 1 | E151: =countif(Constants!J:J,$A151) -> 1 | F151: =CONCATENATE("https://w3ids.org/codata/fundamental/quantities/",A151) -> https://w3ids.org/codata/fundamental/quantities/JosephsonConstant
A152: JouleAtomicMassUnitRelationship | B152: Joule - Atomic Mass Unit Relationship | D152: =COUNTIF(Concepts!A:A,A152) -> 1 | E152: =countif(Constants!J:J,$A152) -> 1 | F152: =CONCATENATE("https://w3ids.org/codata/fundamental/quantities/",A152) -> https://w3ids.org/codata/fundamental/quantities/JouleAtomicMassUnitRelationship
A153: JouleElectronVoltRelationship | B153: Joule - Electronvolt Relationship | D153: =COUNTIF(Concepts!A:A,A153) -> 1 | E153: =countif(Constants!J:J,$A153) -> 1 | F153: =CONCATENATE("https://w3ids.org/codata/fundamental/quantities/",A153) -> https://w3ids.org/codata/fundamental/quantities/JouleElectronVoltRelationship
... A274: ShieldingDifferenceOfTAndP | B274: Shielding Difference Of T And P In Ht | D274: =COUNTIF(Concepts!A:A,A274) -> 1 | E274: =countif(Constants!J:J,$A274) -> 1 | F274: =CONCATENATE("https://w3ids.org/codata/fundamental/quantities/",A274) -> https://w3ids.org/codata/fundamental/quantities/ShieldingDifferenceOfTAndP
A275: SpeedOfLight | B275: Speed Of Light In Vacuum | C275: (\(c\)) | D275: =COUNTIF(Concepts!A:A,A275) -> 1 | E275: =countif(Constants!J:J,$A275) -> 1 | F275: =CONCATENATE("https://w3ids.org/codata/fundamental/quantities/",A275) -> https://w3ids.org/codata/fundamental/quantities/SpeedOfLight
A276: StandardAccelerationOfGravity | B276: Standard Acceleration Of Gravity | D276: =COUNTIF(Concepts!A:A,A276) -> 1 | E276: =countif(Constants!J:J,$A276) -> 1 | F276: =CONCATENATE("https://w3ids.org/codata/fundamental/quantities/",A276) -> https://w3ids.org/codata/fundamental/quantities/StandardAccelerationOfGravity
A277: StandardAtmosphere | B277: Standard Atmosphere | D277: =COUNTIF(Concepts!A:A,A277) -> 1 | E277: =countif(Constants!J:J,$A277) -> 1 | F277: =CONCATENATE("https://w3ids.org/codata/fundamental/quantities/",A277) -> https://w3ids.org/codata/fundamental/quantities/StandardAtmosphere
A278: StandardStatePressure | B278: Standard-State Pressure | D278: =COUNTIF(Concepts!A:A,A278) -> 1 | E278: =countif(Constants!J:J,$A278) -> 1 | F278: =CONCATENATE("https://w3ids.org/codata/fundamental/quantities/",A278) -> https://w3ids.org/codata/fundamental/quantities/StandardStatePressure
A279: StefanBoltzmannConstant | B279: Stefan-Boltzmann Constant | D279: =COUNTIF(Concepts!A:A,A279) -> 1 | E279: =countif(Constants!J:J,$A279) -> 1 | F279: =CONCATENATE("https://w3ids.org/codata/fundamental/quantities/",A279) -> https://w3ids.org/codata/fundamental/quantities/StefanBoltzmannConstant
A280: TauComptonWavelength | B280: Tau Compton Wavelength | D280: =COUNTIF(Concepts!A:A,A280) -> 1 | E280: =countif(Constants!J:J,$A280) -> 1 | F280: =CONCATENATE("https://w3ids.org/codata/fundamental/quantities/",A280) -> https://w3ids.org/codata/fundamental/quantities/TauComptonWavelength
A281: TauElectronMassRatio | B281: Tau - Electron Mass Ratio | D281: =COUNTIF(Concepts!A:A,A281) -> 1 | E281: =countif(Constants!J:J,$A281) -> 1 | F281: =CONCATENATE("https://w3ids.org/codata/fundamental/quantities/",A281) -> https://w3ids.org/codata/fundamental/quantities/TauElectronMassRatio
A282: TauMass | B282: Tau Mass | D282: =COUNTIF(Concepts!A:A,A282) -> 1 | E282: =countif(Constants!J:J,$A282) -> 3 | F282: =CONCATENATE("https://w3ids.org/codata/fundamental/quantities/",A282) -> https://w3ids.org/codata/fundamental/quantities/TauMass
A283: TauMassEnergyEquivalent | B283: Tau Mass Energy Equivalent | D283: =COUNTIF(Concepts!A:A,A283) -> 1 | E283: =countif(Constants!J:J,$A283) -> 1 | F283: =CONCATENATE("https://w3ids.org/codata/fundamental/quantities/",A283) -> https://w3ids.org/codata/fundamental/quantities/TauMassEnergyEquivalent
A284: TauMolarMass | B284: Tau Molar Mass | D284: =COUNTIF(Concepts!A:A,A284) -> 1 | E284: =countif(Constants!J:J,$A284) -> 1 | F284: =CONCATENATE("https://w3ids.org/codata/fundamental/quantities/",A284) -> https://w3ids.org/codata/fundamental/quantities/TauMolarMass
A285: TauMuonMassRatio | B285: Tau - Muon Mass Ratio | D285: =COUNTIF(Concepts!A:A,A285) -> 1 | E285: =countif(Constants!J:J,$A285) -> 1 | F285: =CONCATENATE("https://w3ids.org/codata/fundamental/quantities/",A285) -> https://w3ids.org/codata/fundamental/quantities/TauMuonMassRatio
A286: TauNeutronMassRatio | B286: Tau - Neutron Mass Ratio | D286: =COUNTIF(Concepts!A:A,A286) -> 1 | E286: =countif(Constants!J:J,$A286) -> 1 | F286: =CONCATENATE("https://w3ids.org/codata/fundamental/quantities/",A286) -> https://w3ids.org/codata/fundamental/quantities/TauNeutronMassRatio
A287: TauProtonMassRatio | B287: Tau - Proton Mass Ratio | D287: =COUNTIF(Concepts!A:A,A287) -> 1 | E287: =countif(Constants!J:J,$A287) -> 1 | F287: =CONCATENATE("https://w3ids.org/codata/fundamental/quantities/",A287) -> https://w3ids.org/codata/fundamental/quantities/TauProtonMassRatio
... A307: WToZMassRatio | B307: W To Z Mass Ratio | D307: =COUNTIF(Concepts!A:A,A307) -> 1 | E307: =countif(Constants!J:J,$A307) -> 1 | F307: =CONCATENATE("https://w3ids.org/codata/fundamental/quantities/",A307) -> https://w3ids.org/codata/fundamental/quantities/WToZMassRatio

Sheet Constants
A1: nist_id | B1: id | C1: name | D1: name_fr | E1: name_bipm_en | F1: name_bipm_fr | G1: unit_nist | H1: unit_id | I1: unit_id_lookup | J1: quantity_id | K1: quantity_id_lookup | L1: is_base | M1: qudt_id | N1: qudt_url | O1: is_qudt | P1: ucum_id | Q1: si_id | R1: si_url | S1: versions | T1: is_2022 | U1: is_2018 | V1: is_2014 | W1: is_2010 | X1: is_2006 | Y1: is_2002 | Z1: is_1998
A2: malsme | B2: AlphaParticleElectronMassRatio | C2: =proper(E2) -> Alpha Particle - Electron Mass Ratio | D2: =UPPER(LEFT(F2,1))&MID(F2,2,LEN(F2)) -> Rapport de la masse de la particule alpha à celle de l'électron | E2: alpha particle - electron mass ratio | F2: rapport de la masse de la particule alpha à celle de l'électron | H2: =if(ISBLANK(G2),"",SUBSTITUTE(SUBSTITUTE(G2,"^","")," ","_")) | I2: =if(H2="","", countif(Units!A:A,H2)) | J2: AlphaParticleElectronMassRatio | K2: =countif(Quantities!A:A,J2) -> 1 | L2: =J2=B2 -> TRUE | M2: AlphaParticleElectronMassRatio | N2: =if(isblank(M2),"",hyperlink("https://qudt.org/vocab/constant/"&M2&".html","qudt")) -> qudt | O2: =not(isblank(M2)) -> TRUE | R2: =if(isblank(Q2),"",hyperlink("https://si-digital-framework.org/constants/"&Q2,"SI")) | S2: =sum(T2:Z2) -> 7 | T2: =countif('v2022'!E:E,A2) -> 1 | U2: =countif('v2018'!E:E,A2) -> 1 | V2: =countif('v2014'!E:E,A2) -> 1 | W2: =countif('v2010'!E:E,A2) -> 1 | X2: =countif('v2006'!E:E,A2) -> 1 | Y2: =countif('v2002'!E:E,A2) -> 1 | Z2: =countif('v1998'!E:E,A2) -> 1
A3: mal | B3: AlphaParticleMass | C3: =proper(E3) -> Alpha Particle Mass | D3: =UPPER(LEFT(F3,1))&MID(F3,2,LEN(F3)) -> Masse de la particule alpha | E3: alpha particle mass | F3: masse de la particule alpha | G3: kg | H3: =if(ISBLANK(G3),"",SUBSTITUTE(SUBSTITUTE(G3,"^","")," ","_")) -> kg | I3: =if(H3="","", countif(Units!A:A,H3)) -> 1 | J3: AlphaParticleMass | K3: =countif(Quantities!A:A,J3) -> 1 | L3: =J3=B3 -> TRUE | M3: AlphaParticleMass | N3: =if(isblank(M3),"",hyperlink("https://qudt.org/vocab/constant/"&M3&".html","qudt")) -> qudt | O3: =not(isblank(M3)) -> TRUE | R3: =if(isblank(Q3),"",hyperlink("https://si-digital-framework.org/constants/"&Q3,"SI")) | S3: =sum(T3:Z3) -> 7 | T3: =countif('v2022'!E:E,A3) -> 1 | U3: =countif('v2018'!E:E,A3) -> 1 | V3: =countif('v2014'!E:E,A3) -> 1 | W3: =countif('v2010'!E:E,A3) -> 1 | X3: =countif('v2006'!E:E,A3) -> 1 | Y3: =countif('v2002'!E:E,A3) -> 1 | Z3: =countif('v1998'!E:E,A3) -> 1
A4: malc2 | B4: AlphaParticleMassEnergyEquivalent | C4: =proper(E4) -> Alpha Particle Mass Energy Equivalent | D4: =UPPER(LEFT(F4,1))&MID(F4,2,LEN(F4)) -> Énergie de masse de la particule alpha | E4: alpha particle mass energy equivalent | F4: énergie de masse de la particule alpha | G4: J | H4: =if(ISBLANK(G4),"",SUBSTITUTE(SUBSTITUTE(G4,"^","")," ","_")) -> J | I4: =if(H4="","", countif(Units!A:A,H4)) -> 1 | J4: AlphaParticleMassEnergyEquivalent | K4: =countif(Quantities!A:A,J4) -> 1 | L4: =J4=B4 -> TRUE | M4: AlphaParticleMassEnergyEquivalent | N4: =if(isblank(M4),"",hyperlink("https://qudt.org/vocab/constant/"&M4&".html","qudt")) -> qudt | O4: =not(isblank(M4)) -> TRUE | R4: =if(isblank(Q4),"",hyperlink("https://si-digital-framework.org/constants/"&Q4,"SI")) | S4: =sum(T4:Z4) -> 7 | T4: =countif('v2022'!E:E,A4) -> 1 | U4: =countif('v2018'!E:E,A4) -> 1 | V4: =countif('v2014'!E:E,A4) -> 1 | W4: =countif('v2010'!E:E,A4) -> 1 | X4: =countif('v2006'!E:E,A4) -> 1 | Y4: =countif('v2002'!E:E,A4) -> 1 | Z4: =countif('v1998'!E:E,A4) -> 1
A5: malc2mev | B5: AlphaParticleMassEnergyEquivalentInMeV | C5: Alpha Particle Mass Energy Equivalent In MeV | D5: =UPPER(LEFT(F5,1))&MID(F5,2,LEN(F5)) -> Énergie de masse de la particule alpha in MeV | E5: alpha particle mass energy equivalent in MeV | F5: énergie de masse de la particule alpha in MeV | G5: MeV | H5: =if(ISBLANK(G5),"",SUBSTITUTE(SUBSTITUTE(G5,"^","")," ","_")) -> MeV | I5: =if(H5="","", countif(Units!A:A,H5)) -> 1 | J5: AlphaParticleMassEnergyEquivalent | K5: =countif(Quantities!A:A,J5) -> 1 | L5: =J5=B5 -> FALSE | M5: AlphaParticleMassEnergyEquivalentInMeV | N5: =if(isblank(M5),"",hyperlink("https://qudt.org/vocab/constant/"&M5&".html","qudt")) -> qudt | O5: =not(isblank(M5)) -> TRUE | R5: =if(isblank(Q5),"",hyperlink("https://si-digital-framework.org/constants/"&Q5,"SI")) | S5: =sum(T5:Z5) -> 7 | T5: =countif('v2022'!E:E,A5) -> 1 | U5: =countif('v2018'!E:E,A5) -> 1 | V5: =countif('v2014'!E:E,A5) -> 1 | W5: =countif('v2010'!E:E,A5) -> 1 | X5: =countif('v2006'!E:E,A5) -> 1 | Y5: =countif('v2002'!E:E,A5) -> 1 | Z5: =countif('v1998'!E:E,A5) -> 1
A6: malu | B6: AlphaParticleMassInAtomicMassUnit | C6: =proper(E6) -> Alpha Particle Mass In U | D6: =UPPER(LEFT(F6,1))&MID(F6,2,LEN(F6)) -> Masse de la particule alpha en u | E6: alpha particle mass in u | F6: masse de la particule alpha en u | G6: u | H6: =if(ISBLANK(G6),"",SUBSTITUTE(SUBSTITUTE(G6,"^","")," ","_")) -> u | I6: =if(H6="","", countif(Units!A:A,H6)) -> 1 | J6: AlphaParticleMass | K6: =countif(Quantities!A:A,J6) -> 1 | L6: =J6=B6 -> FALSE | M6: AlphaParticleMassInAtomicMassUnit | N6: =if(isblank(M6),"",hyperlink("https://qudt.org/vocab/constant/"&M6&".html","qudt")) -> qudt | O6: =not(isblank(M6)) -> TRUE | R6: =if(isblank(Q6),"",hyperlink("https://si-digital-framework.org/constants/"&Q6,"SI")) | S6: =sum(T6:Z6) -> 7 | T6: =countif('v2022'!E:E,A6) -> 1 | U6: =countif('v2018'!E:E,A6) -> 1 | V6: =countif('v2014'!E:E,A6) -> 1 | W6: =countif('v2010'!E:E,A6) -> 1 | X6: =countif('v2006'!E:E,A6) -> 1 | Y6: =countif('v2002'!E:E,A6) -> 1 | Z6: =countif('v1998'!E:E,A6) -> 1
A7: mmal | B7: AlphaParticleMolarMass | C7: =proper(E7) -> Alpha Particle Molar Mass | D7: =UPPER(LEFT(F7,1))&MID(F7,2,LEN(F7)) -> Masse molaire de la particule alpha | E7: alpha particle molar mass | F7: masse molaire de la particule alpha | G7: kg mol^-1 | H7: =if(ISBLANK(G7),"",SUBSTITUTE(SUBSTITUTE(G7,"^","")," ","_")) -> kg_mol-1 | I7: =if(H7="","", countif(Units!A:A,H7)) -> 1 | J7: AlphaParticleMolarMass | K7: =countif(Quantities!A:A,J7) -> 1 | L7: =J7=B7 -> TRUE | M7: AlphaParticleMolarMass | N7: =if(isblank(M7),"",hyperlink("https://qudt.org/vocab/constant/"&M7&".html","qudt")) -> qudt | O7: =not(isblank(M7)) -> TRUE | R7: =if(isblank(Q7),"",hyperlink("https://si-digital-framework.org/constants/"&Q7,"SI")) | S7: =sum(T7:Z7) -> 7 | T7: =countif('v2022'!E:E,A7) -> 1 | U7: =countif('v2018'!E:E,A7) -> 1 | V7: =countif('v2014'!E:E,A7) -> 1 | W7: =countif('v2010'!E:E,A7) -> 1 | X7: =countif('v2006'!E:E,A7) -> 1 | Y7: =countif('v2002'!E:E,A7) -> 1 | Z7: =countif('v1998'!E:E,A7) -> 1
A8: malsmp | B8: AlphaParticleProtonMassRatio | C8: =proper(E8) -> Alpha Particle - Proton Mass Ratio | D8: =UPPER(LEFT(F8,1))&MID(F8,2,LEN(F8)) -> Rapport de la masse de la particule alpha à celle du proton | E8: alpha particle - proton mass ratio | F8: rapport de la masse de la particule alpha à celle du proton | H8: =if(ISBLANK(G8),"",SUBSTITUTE(SUBSTITUTE(G8,"^","")," ","_")) | I8: =if(H8="","", countif(Units!A:A,H8)) | J8: AlphaParticleProtonMassRatio | K8: =countif(Quantities!A:A,J8) -> 1 | L8: =J8=B8 -> TRUE | M8: AlphaParticleProtonMassRatio | N8: =if(isblank(M8),"",hyperlink("https://qudt.org/vocab/constant/"&M8&".html","qudt")) -> qudt | O8: =not(isblank(M8)) -> TRUE | R8: =if(isblank(Q8),"",hyperlink("https://si-digital-framework.org/constants/"&Q8,"SI")) | S8: =sum(T8:Z8) -> 7 | T8: =countif('v2022'!E:E,A8) -> 1 | U8: =countif('v2018'!E:E,A8) -> 1 | V8: =countif('v2014'!E:E,A8) -> 1 | W8: =countif('v2010'!E:E,A8) -> 1 | X8: =countif('v2006'!E:E,A8) -> 1 | Y8: =countif('v2002'!E:E,A8) -> 1 | Z8: =countif('v1998'!E:E,A8) -> 1
A9: aral | B9: AlphaParticleRelativeAtomicMass | C9: =proper(E9) -> Alpha Particle Relative Atomic Mass | D9: =proper(F9) -> Rapport De La Masse De La Particule Alpha À Celle Du Proton | E9: alpha particle relative atomic mass | F9: rapport de la masse de la particule alpha à celle du proton | H9: =if(ISBLANK(G9),"",SUBSTITUTE(SUBSTITUTE(G9,"^","")," ","_")) | I9: =if(H9="","", countif(Units!A:A,H9)) | J9: AlphaParticleRelativeAtomicMass | K9: =countif(Quantities!A:A,J9) -> 1 | L9: =J9=B9 -> TRUE | N9: =if(isblank(M9),"",hyperlink("https://qudt.org/vocab/constant/"&M9&".html","qudt")) | O9: =not(isblank(M9)) -> FALSE | R9: =if(isblank(Q9),"",hyperlink("https://si-digital-framework.org/constants/"&Q9,"SI")) | S9: =sum(T9:Z9) -> 2 | T9: =countif('v2022'!E:E,A9) -> 1 | U9: =countif('v2018'!E:E,A9) -> 1 | V9: =countif('v2014'!E:E,A9) -> 0 | W9: =countif('v2010'!E:E,A9) -> 0 | X9: =countif('v2006'!E:E,A9) -> 0 | Y9: =countif('v2002'!E:E,A9) -> 0 | Z9: =countif('v1998'!E:E,A9) -> 0
A10: ral | B10: AlphaParticleRmsChargeRadius | C10: =proper(E10) -> Alpha Particle Rms Charge Radius | D10: =UPPER(LEFT(F10,1))&MID(F10,2,LEN(F10)) -> Rayon de charge effectif de l aparticule alpha | E10: alpha particle rms charge radius | F10: rayon de charge effectif de l aparticule alpha | H10: =if(ISBLANK(G10),"",SUBSTITUTE(SUBSTITUTE(G10,"^","")," ","_")) | I10: =if(H10="","", countif(Units!A:A,H10)) | J10: AlphaParticleRmsChargeRadius | K10: =countif(Quantities!A:A,J10) -> 1 | L10: =J10=B10 -> TRUE | N10: =if(isblank(M10),"",hyperlink("https://qudt.org/vocab/constant/"&M10&".html","qudt")) | O10: =not(isblank(M10)) -> FALSE | R10: =if(isblank(Q10),"",hyperlink("https://si-digital-framework.org/constants/"&Q10,"SI")) | S10: =sum(T10:Z10) -> 1 | T10: =countif('v2022'!E:E,A10) -> 1 | U10: =countif('v2018'!E:E,A10) -> 0 | V10: =countif('v2014'!E:E,A10) -> 0 | W10: =countif('v2010'!E:E,A10) -> 0 | X10: =countif('v2006'!E:E,A10) -> 0 | Y10: =countif('v2002'!E:E,A10) -> 0 | Z10: =countif('v1998'!E:E,A10) -> 0
A11: angstar | B11: AngstromStar | C11: =proper(E11) -> Angstrom Star | D11: =UPPER(LEFT(F11,1))&MID(F11,2,LEN(F11)) -> Ångström étoile | E11: Angstrom star | F11: ångström étoile | G11: m | H11: =if(ISBLANK(G11),"",SUBSTITUTE(SUBSTITUTE(G11,"^","")," ","_")) -> m | I11: =if(H11="","", countif(Units!A:A,H11)) -> 1 | J11: AngstromStar | K11: =countif(Quantities!A:A,J11) -> 1 | L11: =J11=B11 -> TRUE | M11: AngstromStar | N11: =if(isblank(M11),"",hyperlink("https://qudt.org/vocab/constant/"&M11&".html","qudt")) -> qudt | O11: =not(isblank(M11)) -> TRUE | R11: =if(isblank(Q11),"",hyperlink("https://si-digital-framework.org/constants/"&Q11,"SI")) | S11: =sum(T11:Z11) -> 7 | T11: =countif('v2022'!E:E,A11) -> 1 | U11: =countif('v2018'!E:E,A11) -> 1 | V11: =countif('v2014'!E:E,A11) -> 1 | W11: =countif('v2010'!E:E,A11) -> 1 | X11: =countif('v2006'!E:E,A11) -> 1 | Y11: =countif('v2002'!E:E,A11) -> 1 | Z11: =countif('v1998'!E:E,A11) -> 1
A12: u | B12: AtomicMassConstant | C12: =proper(E12) -> Atomic Mass Constant | D12: =UPPER(LEFT(F12,1))&MID(F12,2,LEN(F12)) -> Constante de masse atomique | E12: atomic mass constant | F12: constante de masse atomique | G12: kg | H12: =if(ISBLANK(G12),"",SUBSTITUTE(SUBSTITUTE(G12,"^","")," ","_")) -> kg | I12: =if(H12="","", countif(Units!A:A,H12)) -> 1 | J12: AtomicMassConstant | K12: =countif(Quantities!A:A,J12) -> 1 | L12: =J12=B12 -> TRUE | M12: AtomicMassConstant | N12: =if(isblank(M12),"",hyperlink("https://qudt.org/vocab/constant/"&M12&".html","qudt")) -> qudt | O12: =not(isblank(M12)) -> TRUE | R12: =if(isblank(Q12),"",hyperlink("https://si-digital-framework.org/constants/"&Q12,"SI")) | S12: =sum(T12:Z12) -> 7 | T12: =countif('v2022'!E:E,A12) -> 1 | U12: =countif('v2018'!E:E,A12) -> 1 | V12: =countif('v2014'!E:E,A12) -> 1 | W12: =countif('v2010'!E:E,A12) -> 1 | X12: =countif('v2006'!E:E,A12) -> 1 | Y12: =countif('v2002'!E:E,A12) -> 1 | Z12: =countif('v1998'!E:E,A12) -> 1
A13: muc2mev | B13: AtomicMassConstantEnergyEquivalentInMeV | C13: Atomic Mass Constant Energy Equivalent In MeV | D13: =UPPER(LEFT(F13,1))&MID(F13,2,LEN(F13)) -> Énergie équivalente à la constante de masse atomique | E13: atomic mass constant energy equivalent in MeV | F13: énergie équivalente à la constante de masse atomique | G13: MeV | H13: =if(ISBLANK(G13),"",SUBSTITUTE(SUBSTITUTE(G13,"^","")," ","_")) -> MeV | I13: =if(H13="","", countif(Units!A:A,H13)) -> 1 | J13: AtomicMassConstantEnergyEquivalent | K13: =countif(Quantities!A:A,J13) -> 1 | L13: =J13=B13 -> FALSE | M13: AtomicMassConstantEnergyEquivalentInMeV | N13: =if(isblank(M13),"",hyperlink("https://qudt.org/vocab/constant/"&M13&".html","qudt")) -> qudt | O13: =not(isblank(M13)) -> TRUE | R13: =if(isblank(Q13),"",hyperlink("https://si-digital-framework.org/constants/"&Q13,"SI")) | S13: =sum(T13:Z13) -> 7 | T13: =countif('v2022'!E:E,A13) -> 1 | U13: =countif('v2018'!E:E,A13) -> 1 | V13: =countif('v2014'!E:E,A13) -> 1 | W13: =countif('v2010'!E:E,A13) -> 1 | X13: =countif('v2006'!E:E,A13) -> 1 | Y13: =countif('v2002'!E:E,A13) -> 1 | Z13: =countif('v1998'!E:E,A13) -> 1
A14: uev | B14: AtomicMassUnitElectronVoltRelationship | C14: =proper(E14) -> Atomic Mass Unit - Electronvolt Relationship | D14: =UPPER(LEFT(F14,1))&MID(F14,2,LEN(F14)) -> Relation entre l'unité de masse atomique et l'électronvolt | E14: atomic mass unit - electronvolt relationship | F14: relation entre l'unité de masse atomique et l'électronvolt | G14: eV | H14: =if(ISBLANK(G14),"",SUBSTITUTE(SUBSTITUTE(G14,"^","")," ","_")) -> eV | I14: =if(H14="","", countif(Units!A:A,H14)) -> 1 | J14: AtomicMassUnitElectronVoltRelationship | K14: =countif(Quantities!A:A,J14) -> 1 | L14: =J14=B14 -> TRUE | M14: AtomicMassUnitElectronVoltRelationship | N14: =if(isblank(M14),"",hyperlink("https://qudt.org/vocab/constant/"&M14&".html","qudt")) -> qudt | O14: =not(isblank(M14)) -> TRUE | R14: =if(isblank(Q14),"",hyperlink("https://si-digital-framework.org/constants/"&Q14,"SI")) | S14: =sum(T14:Z14) -> 7 | T14: =countif('v2022'!E:E,A14) -> 1 | U14: =countif('v2018'!E:E,A14) -> 1 | V14: =countif('v2014'!E:E,A14) -> 1 | W14: =countif('v2010'!E:E,A14) -> 1 | X14: =countif('v2006'!E:E,A14) -> 1 | Y14: =countif('v2002'!E:E,A14) -> 1 | Z14: =countif('v1998'!E:E,A14) -> 1
A15: uhr | B15: AtomicMassUnitHartreeRelationship | C15: =proper(E15) -> Atomic Mass Unit - Hartree Relationship | D15: =UPPER(LEFT(F15,1))&MID(F15,2,LEN(F15)) -> Relation entre l'unité de masse atomique et le hartree | E15: atomic mass unit - hartree relationship | F15: relation entre l'unité de masse atomique et le hartree | G15: E_h | H15: =if(ISBLANK(G15),"",SUBSTITUTE(SUBSTITUTE(G15,"^","")," ","_")) -> E_h | I15: =if(H15="","", countif(Units!A:A,H15)) -> 1 | J15: AtomicMassUnitHartreeRelationship | K15: =countif(Quantities!A:A,J15) -> 1 | L15: =J15=B15 -> TRUE | M15: AtomicMassUnitHartreeRelationship | N15: =if(isblank(M15),"",hyperlink("https://qudt.org/vocab/constant/"&M15&".html","qudt")) -> qudt | O15: =not(isblank(M15)) -> TRUE | R15: =if(isblank(Q15),"",hyperlink("https://si-digital-framework.org/constants/"&Q15,"SI")) | S15: =sum(T15:Z15) -> 7 | T15: =countif('v2022'!E:E,A15) -> 1 | U15: =countif('v2018'!E:E,A15) -> 1 | V15: =countif('v2014'!E:E,A15) -> 1 | W15: =countif('v2010'!E:E,A15) -> 1 | X15: =countif('v2006'!E:E,A15) -> 1 | Y15: =countif('v2002'!E:E,A15) -> 1 | Z15: =countif('v1998'!E:E,A15) -> 1
A16: uhz | B16: AtomicMassUnitHertzRelationship | C16: =proper(E16) -> Atomic Mass Unit - Hertz Relationship | D16: =UPPER(LEFT(F16,1))&MID(F16,2,LEN(F16)) -> Relation entre l'unité de masse atomique et le hertz | E16: atomic mass unit - hertz relationship | F16: relation entre l'unité de masse atomique et le hertz | G16: Hz | H16: =if(ISBLANK(G16),"",SUBSTITUTE(SUBSTITUTE(G16,"^","")," ","_")) -> Hz | I16: =if(H16="","", countif(Units!A:A,H16)) -> 1 | J16: AtomicMassUnitHertzRelationship | K16: =countif(Quantities!A:A,J16) -> 1 | L16: =J16=B16 -> TRUE | M16: AtomicMassUnitHertzRelationship | N16: =if(isblank(M16),"",hyperlink("https://qudt.org/vocab/constant/"&M16&".html","qudt")) -> qudt | O16: =not(isblank(M16)) -> TRUE | R16: =if(isblank(Q16),"",hyperlink("https://si-digital-framework.org/constants/"&Q16,"SI")) | S16: =sum(T16:Z16) -> 7 | T16: =countif('v2022'!E:E,A16) -> 1 | U16: =countif('v2018'!E:E,A16) -> 1 | V16: =countif('v2014'!E:E,A16) -> 1 | W16: =countif('v2010'!E:E,A16) -> 1 | X16: =countif('v2006'!E:E,A16) -> 1 | Y16: =countif('v2002'!E:E,A16) -> 1 | Z16: =countif('v1998'!E:E,A16) -> 1
A17: uminv | B17: AtomicMassUnitInverseMeterRelationship | C17: =proper(E17) -> Atomic Mass Unit - Inverse Meter Relationship | D17: =UPPER(LEFT(F17,1))&MID(F17,2,LEN(F17)) -> Relation entre l'unité de masse atomique et l'inverse du mètre | E17: atomic mass unit - inverse meter relationship | F17: relation entre l'unité de masse atomique et l'inverse du mètre | G17: m^-1 | H17: =if(ISBLANK(G17),"",SUBSTITUTE(SUBSTITUTE(G17,"^","")," ","_")) -> m-1 | I17: =if(H17="","", countif(Units!A:A,H17)) -> 1 | J17: AtomicMassUnitInverseMeterRelationship | K17: =countif(Quantities!A:A,J17) -> 1 | L17: =J17=B17 -> TRUE | M17: AtomicMassUnitInverseMeterRelationship | N17: =if(isblank(M17),"",hyperlink("https://qudt.org/vocab/constant/"&M17&".html","qudt")) -> qudt | O17: =not(isblank(M17)) -> TRUE | R17: =if(isblank(Q17),"",hyperlink("https://si-digital-framework.org/constants/"&Q17,"SI")) | S17: =sum(T17:Z17) -> 7 | T17: =countif('v2022'!E:E,A17) -> 1 | U17: =countif('v2018'!E:E,A17) -> 1 | V17: =countif('v2014'!E:E,A17) -> 1 | W17: =countif('v2010'!E:E,A17) -> 1 | X17: =countif('v2006'!E:E,A17) -> 1 | Y17: =countif('v2002'!E:E,A17) -> 1 | Z17: =countif('v1998'!E:E,A17) -> 1
A18: Ruj | B18: AtomicMassUnitJouleRelationship | C18: =proper(E18) -> Atomic Mass Unit - Joule Relationship | D18: =UPPER(LEFT(F18,1))&MID(F18,2,LEN(F18)) -> Relation entre l'unité de masse atomique et le joule | E18: atomic mass unit - joule relationship | F18: relation entre l'unité de masse atomique et le joule | G18: J | H18: =if(ISBLANK(G18),"",SUBSTITUTE(SUBSTITUTE(G18,"^","")," ","_")) -> J | I18: =if(H18="","", countif(Units!A:A,H18)) -> 1 | J18: AtomicMassUnitJouleRelationship | K18: =countif(Quantities!A:A,J18) -> 1 | L18: =J18=B18 -> TRUE | M18: AtomicMassUnitJouleRelationship | N18: =if(isblank(M18),"",hyperlink("https://qudt.org/vocab/constant/"&M18&".html","qudt")) -> qudt | O18: =not(isblank(M18)) -> TRUE | R18: =if(isblank(Q18),"",hyperlink("https://si-digital-framework.org/constants/"&Q18,"SI")) | S18: =sum(T18:Z18) -> 7 | T18: =countif('v2022'!E:E,A18) -> 1 | U18: =countif('v2018'!E:E,A18) -> 1 | V18: =countif('v2014'!E:E,A18) -> 1 | W18: =countif('v2010'!E:E,A18) -> 1 | X18: =countif('v2006'!E:E,A18) -> 1 | Y18: =countif('v2002'!E:E,A18) -> 1 | Z18: =countif('v1998'!E:E,A18) -> 1
A19: uj | B19: AtomicMassConstantEnergyEquivalent | C19: =proper(E19) -> Atomic Mass Constant Energy Equivalent | D19: =UPPER(LEFT(F19,1))&MID(F19,2,LEN(F19)) -> Énergie équivalente à la constante de masse atomique | E19: atomic mass constant energy equivalent | F19: énergie équivalente à la constante de masse atomique | G19: J | H19: =if(ISBLANK(G19),"",SUBSTITUTE(SUBSTITUTE(G19,"^","")," ","_")) -> J | I19: =if(H19="","", countif(Units!A:A,H19)) -> 1 | J19: AtomicMassConstantEnergyEquivalent | K19: =countif(Quantities!A:A,J19) -> 1 | L19: =J19=B19 -> TRUE | M19: AtomicMassConstantEnergyEquivalent | N19: =if(isblank(M19),"",hyperlink("https://qudt.org/vocab/constant/"&M19&".html","qudt")) -> qudt | O19: =not(isblank(M19)) -> TRUE | R19: =if(isblank(Q19),"",hyperlink("https://si-digital-framework.org/constants/"&Q19,"SI")) | S19: =sum(T19:Z19) -> 7 | T19: =countif('v2022'!E:E,A19) -> 1 | U19: =countif('v2018'!E:E,A19) -> 1 | V19: =countif('v2014'!E:E,A19) -> 1 | W19: =countif('v2010'!E:E,A19) -> 1 | X19: =countif('v2006'!E:E,A19) -> 1 | Y19: =countif('v2002'!E:E,A19) -> 1 | Z19: =countif('v1998'!E:E,A19) -> 1
A20: uk | B20: AtomicMassUnitKelvinRelationship | C20: =proper(E20) -> Atomic Mass Unit - Kelvin Relationship | D20: =UPPER(LEFT(F20,1))&MID(F20,2,LEN(F20)) -> Relation entre l'unité de masse atomique et le kelvin | E20: atomic mass unit - kelvin relationship | F20: relation entre l'unité de masse atomique et le kelvin | G20: K | H20: =if(ISBLANK(G20),"",SUBSTITUTE(SUBSTITUTE(G20,"^","")," ","_")) -> K | I20: =if(H20="","", countif(Units!A:A,H20)) -> 1 | J20: AtomicMassUnitKelvinRelationship | K20: =countif(Quantities!A:A,J20) -> 1 | L20: =J20=B20 -> TRUE | M20: AtomicMassUnitKelvinRelationship | N20: =if(isblank(M20),"",hyperlink("https://qudt.org/vocab/constant/"&M20&".html","qudt")) -> qudt | O20: =not(isblank(M20)) -> TRUE | R20: =if(isblank(Q20),"",hyperlink("https://si-digital-framework.org/constants/"&Q20,"SI")) | S20: =sum(T20:Z20) -> 7 | T20: =countif('v2022'!E:E,A20) -> 1 | U20: =countif('v2018'!E:E,A20) -> 1 | V20: =countif('v2014'!E:E,A20) -> 1 | W20: =countif('v2010'!E:E,A20) -> 1 | X20: =countif('v2006'!E:E,A20) -> 1 | Y20: =countif('v2002'!E:E,A20) -> 1 | Z20: =countif('v1998'!E:E,A20) -> 1
A21: Rukg | B21: AtomicMassUnitKilogramRelationship | C21: =proper(E21) -> Atomic Mass Unit - Kilogram Relationship | D21: =UPPER(LEFT(F21,1))&MID(F21,2,LEN(F21)) -> Relation entre l'unité de masse atomique et le kilogramme | E21: atomic mass unit - kilogram relationship | F21: relation entre l'unité de masse atomique et le kilogramme | G21: kg | H21: =if(ISBLANK(G21),"",SUBSTITUTE(SUBSTITUTE(G21,"^","")," ","_")) -> kg | I21: =if(H21="","", countif(Units!A:A,H21)) -> 1 | J21: AtomicMassUnitKilogramRelationship | K21: =countif(Quantities!A:A,J21) -> 1 | L21: =J21=B21 -> TRUE | M21: AtomicMassUnitKilogramRelationship | N21: =if(isblank(M21),"",hyperlink("https://qudt.org/vocab/constant/"&M21&".html","qudt")) -> qudt | O21: =not(isblank(M21)) -> TRUE | R21: =if(isblank(Q21),"",hyperlink("https://si-digital-framework.org/constants/"&Q21,"SI")) | S21: =sum(T21:Z21) -> 7 | T21: =countif('v2022'!E:E,A21) -> 1 | U21: =countif('v2018'!E:E,A21) -> 1 | V21: =countif('v2014'!E:E,A21) -> 1 | W21: =countif('v2010'!E:E,A21) -> 1 | X21: =countif('v2006'!E:E,A21) -> 1 | Y21: =countif('v2002'!E:E,A21) -> 1 | Z21: =countif('v1998'!E:E,A21) -> 1
A22: auhypol | B22: AtomicUnitOf1stHyperpolarizability | C22: =proper(E22) -> Atomic Unit Of First Hyperpolarizability | D22: =UPPER(LEFT(F22,1))&MID(F22,2,LEN(F22)) -> Unité atomique de première hypolarisabilité | E22: atomic unit of first hyperpolarizability | F22: Unité atomique de première hypolarisabilité | G22: C^3 m^3 J^-2 | H22: =if(ISBLANK(G22),"",SUBSTITUTE(SUBSTITUTE(G22,"^","")," ","_")) -> C3_m3_J-2 | I22: =if(H22="","", countif(Units!A:A,H22)) -> 1 | J22: AtomicUnitOf1stHyperpolarizability | K22: =countif(Quantities!A:A,J22) -> 1 | L22: =J22=B22 -> TRUE | M22: AtomicUnitOf1stHyperpolarizablity | N22: =if(isblank(M22),"",hyperlink("https://qudt.org/vocab/constant/"&M22&".html","qudt")) -> qudt | O22: =not(isblank(M22)) -> TRUE | R22: =if(isblank(Q22),"",hyperlink("https://si-digital-framework.org/constants/"&Q22,"SI")) | S22: =sum(T22:Z22) -> 7 | T22: =countif('v2022'!E:E,A22) -> 1 | U22: =countif('v2018'!E:E,A22) -> 1 | V22: =countif('v2014'!E:E,A22) -> 1 | W22: =countif('v2010'!E:E,A22) -> 1 | X22: =countif('v2006'!E:E,A22) -> 1 | Y22: =countif('v2002'!E:E,A22) -> 1 | Z22: =countif('v1998'!E:E,A22) -> 1
A23: au2hypol | B23: AtomicUnitOf2ndHyperpolarizability | C23: =proper(E23) -> Atomic Unit Of Second Hyperpolarizability | D23: =UPPER(LEFT(F23,1))&MID(F23,2,LEN(F23)) -> Unité atomique de seconde hypolarisabilité | E23: atomic unit of second hyperpolarizability | F23: Unité atomique de seconde hypolarisabilité | G23: C^4 m^4 J^-3 | H23: =if(ISBLANK(G23),"",SUBSTITUTE(SUBSTITUTE(G23,"^","")," ","_")) -> C4_m4_J-3 | I23: =if(H23="","", countif(Units!A:A,H23)) -> 1 | J23: AtomicUnitOf2ndHyperpolarizability | K23: =countif(Quantities!A:A,J23) -> 1 | L23: =J23=B23 -> TRUE | M23: AtomicUnitOf2ndHyperpolarizablity | N23: =if(isblank(M23),"",hyperlink("https://qudt.org/vocab/constant/"&M23&".html","qudt")) -> qudt | O23: =not(isblank(M23)) -> TRUE | R23: =if(isblank(Q23),"",hyperlink("https://si-digital-framework.org/constants/"&Q23,"SI")) | S23: =sum(T23:Z23) -> 7 | T23: =countif('v2022'!E:E,A23) -> 1 | U23: =countif('v2018'!E:E,A23) -> 1 | V23: =countif('v2014'!E:E,A23) -> 1 | W23: =countif('v2010'!E:E,A23) -> 1 | X23: =countif('v2006'!E:E,A23) -> 1 | Y23: =countif('v2002'!E:E,A23) -> 1 | Z23: =countif('v1998'!E:E,A23) -> 1
A24: tthbar | B24: AtomicUnitOfAction | C24: =proper(E24) -> Atomic Unit Of Action | D24: =UPPER(LEFT(F24,1))&MID(F24,2,LEN(F24)) -> Unité atomique d'action | E24: atomic unit of action | F24: unité atomique d'action | G24: J s | H24: =if(ISBLANK(G24),"",SUBSTITUTE(SUBSTITUTE(G24,"^","")," ","_")) -> J_s | I24: =if(H24="","", countif(Units!A:A,H24)) -> 1 | J24: AtomicUnitOfAction | K24: =countif(Quantities!A:A,J24) -> 1 | L24: =J24=B24 -> TRUE | M24: AtomicUnitOfAction | N24: =if(isblank(M24),"",hyperlink("https://qudt.org/vocab/constant/"&M24&".html","qudt")) -> qudt | O24: =not(isblank(M24)) -> TRUE | R24: =if(isblank(Q24),"",hyperlink("https://si-digital-framework.org/constants/"&Q24,"SI")) | S24: =sum(T24:Z24) -> 7 | T24: =countif('v2022'!E:E,A24) -> 1 | U24: =countif('v2018'!E:E,A24) -> 1 | V24: =countif('v2014'!E:E,A24) -> 1 | W24: =countif('v2010'!E:E,A24) -> 1 | X24: =countif('v2006'!E:E,A24) -> 1 | Y24: =countif('v2002'!E:E,A24) -> 1 | Z24: =countif('v1998'!E:E,A24) -> 1
A25: Ae | B25: AtomicUnitOfCharge | C25: =proper(E25) -> Atomic Unit Of Charge | D25: =UPPER(LEFT(F25,1))&MID(F25,2,LEN(F25)) -> Unité atomique de charge | E25: atomic unit of charge | F25: unité atomique de charge | G25: C | H25: =if(ISBLANK(G25),"",SUBSTITUTE(SUBSTITUTE(G25,"^","")," ","_")) -> C | I25: =if(H25="","", countif(Units!A:A,H25)) -> 1 | J25: AtomicUnitOfCharge | K25: =countif(Quantities!A:A,J25) -> 1 | L25: =J25=B25 -> TRUE | M25: AtomicUnitOfCharge | N25: =if(isblank(M25),"",hyperlink("https://qudt.org/vocab/constant/"&M25&".html","qudt")) -> qudt | O25: =not(isblank(M25)) -> TRUE | P25: [e] | R25: =if(isblank(Q25),"",hyperlink("https://si-digital-framework.org/constants/"&Q25,"SI")) | S25: =sum(T25:Z25) -> 11 | T25: =countif('v2022'!E:E,A25) -> 2 | U25: =countif('v2018'!E:E,A25) -> 2 | V25: =countif('v2014'!E:E,A25) -> 2 | W25: =countif('v2010'!E:E,A25) -> 2 | X25: =countif('v2006'!E:E,A25) -> 1 | Y25: =countif('v2002'!E:E,A25) -> 1 | Z25: =countif('v1998'!E:E,A25) -> 1
A26: aucd | B26: AtomicUnitOfChargeDensity | C26: =proper(E26) -> Atomic Unit Of Charge Density | D26: =UPPER(LEFT(F26,1))&MID(F26,2,LEN(F26)) -> Unité atomique de densité de charge | E26: atomic unit of charge density | F26: unité atomique de densité de charge | G26: C m^-3 | H26: =if(ISBLANK(G26),"",SUBSTITUTE(SUBSTITUTE(G26,"^","")," ","_")) -> C_m-3 | I26: =if(H26="","", countif(Units!A:A,H26)) -> 1 | J26: AtomicUnitOfChargeDensity | K26: =countif(Quantities!A:A,J26) -> 1 | L26: =J26=B26 -> TRUE | M26: AtomicUnitOfChargeDensity | N26: =if(isblank(M26),"",hyperlink("https://qudt.org/vocab/constant/"&M26&".html","qudt")) -> qudt | O26: =not(isblank(M26)) -> TRUE | R26: =if(isblank(Q26),"",hyperlink("https://si-digital-framework.org/constants/"&Q26,"SI")) | S26: =sum(T26:Z26) -> 7 | T26: =countif('v2022'!E:E,A26) -> 1 | U26: =countif('v2018'!E:E,A26) -> 1 | V26: =countif('v2014'!E:E,A26) -> 1 | W26: =countif('v2010'!E:E,A26) -> 1 | X26: =countif('v2006'!E:E,A26) -> 1 | Y26: =countif('v2002'!E:E,A26) -> 1 | Z26: =countif('v1998'!E:E,A26) -> 1
A27: aucur | B27: AtomicUnitOfCurrent | C27: =proper(E27) -> Atomic Unit Of Current | D27: =UPPER(LEFT(F27,1))&MID(F27,2,LEN(F27)) -> Unité atomique de courant | E27: atomic unit of current | F27: unité atomique de courant | G27: A | H27: =if(ISBLANK(G27),"",SUBSTITUTE(SUBSTITUTE(G27,"^","")," ","_")) -> A | I27: =if(H27="","", countif(Units!A:A,H27)) -> 1 | J27: AtomicUnitOfCurrent | K27: =countif(Quantities!A:A,J27) -> 1 | L27: =J27=B27 -> TRUE | M27: AtomicUnitOfCurrent | N27: =if(isblank(M27),"",hyperlink("https://qudt.org/vocab/constant/"&M27&".html","qudt")) -> qudt | O27: =not(isblank(M27)) -> TRUE | R27: =if(isblank(Q27),"",hyperlink("https://si-digital-framework.org/constants/"&Q27,"SI")) | S27: =sum(T27:Z27) -> 7 | T27: =countif('v2022'!E:E,A27) -> 1 | U27: =countif('v2018'!E:E,A27) -> 1 | V27: =countif('v2014'!E:E,A27) -> 1 | W27: =countif('v2010'!E:E,A27) -> 1 | X27: =countif('v2006'!E:E,A27) -> 1 | Y27: =countif('v2002'!E:E,A27) -> 1 | Z27: =countif('v1998'!E:E,A27) -> 1
A28: auedm | B28: AtomicUnitOfElectricDipoleMoment | C28: =proper(E28) -> Atomic Unit Of Electric Dipole Moment | D28: =UPPER(LEFT(F28,1))&MID(F28,2,LEN(F28)) -> Unité atomique de moment dipolaire électrique | E28: atomic unit of electric dipole moment | F28: unité atomique de moment dipolaire électrique | G28: C m | H28: =if(ISBLANK(G28),"",SUBSTITUTE(SUBSTITUTE(G28,"^","")," ","_")) -> C_m | I28: =if(H28="","", countif(Units!A:A,H28)) -> 1 | J28: AtomicUnitOfElectricDipoleMoment | K28: =countif(Quantities!A:A,J28) -> 1 | L28: =J28=B28 -> TRUE | M28: AtomicUnitOfElectricDipoleMoment | N28: =if(isblank(M28),"",hyperlink("https://qudt.org/vocab/constant/"&M28&".html","qudt")) -> qudt | O28: =not(isblank(M28)) -> TRUE | R28: =if(isblank(Q28),"",hyperlink("https://si-digital-framework.org/constants/"&Q28,"SI")) | S28: =sum(T28:Z28) -> 7 | T28: =countif('v2022'!E:E,A28) -> 1 | U28: =countif('v2018'!E:E,A28) -> 1 | V28: =countif('v2014'!E:E,A28) -> 1 | W28: =countif('v2010'!E:E,A28) -> 1 | X28: =countif('v2006'!E:E,A28) -> 1 | Y28: =countif('v2002'!E:E,A28) -> 1 | Z28: =countif('v1998'!E:E,A28) -> 1
A29: auefld | B29: AtomicUnitOfElectricField | C29: =proper(E29) -> Atomic Unit Of Electric Field | D29: =UPPER(LEFT(F29,1))&MID(F29,2,LEN(F29)) -> Unité atomique de champ électrique | E29: atomic unit of electric field | F29: unité atomique de champ électrique | G29: V m^-1 | H29: =if(ISBLANK(G29),"",SUBSTITUTE(SUBSTITUTE(G29,"^","")," ","_")) -> V_m-1 | I29: =if(H29="","", countif(Units!A:A,H29)) -> 1 | J29: AtomicUnitOfElectricField | K29: =countif(Quantities!A:A,J29) -> 1 | L29: =J29=B29 -> TRUE | M29: AtomicUnitOfElectricField | N29: =if(isblank(M29),"",hyperlink("https://qudt.org/vocab/constant/"&M29&".html","qudt")) -> qudt | O29: =not(isblank(M29)) -> TRUE | R29: =if(isblank(Q29),"",hyperlink("https://si-digital-framework.org/constants/"&Q29,"SI")) | S29: =sum(T29:Z29) -> 7 | T29: =countif('v2022'!E:E,A29) -> 1 | U29: =countif('v2018'!E:E,A29) -> 1 | V29: =countif('v2014'!E:E,A29) -> 1 | W29: =countif('v2010'!E:E,A29) -> 1 | X29: =countif('v2006'!E:E,A29) -> 1 | Y29: =countif('v2002'!E:E,A29) -> 1 | Z29: =countif('v1998'!E:E,A29) -> 1
A30: auefg | B30: AtomicUnitOfElectricFieldGradient | C30: =proper(E30) -> Atomic Unit Of Electric Field Gradient | D30: =UPPER(LEFT(F30,1))&MID(F30,2,LEN(F30)) -> Unité atomique de gradient de champ électrique | E30: atomic unit of electric field gradient | F30: unité atomique de gradient de champ électrique | G30: V m^-2 | H30: =if(ISBLANK(G30),"",SUBSTITUTE(SUBSTITUTE(G30,"^","")," ","_")) -> V_m-2 | I30: =if(H30="","", countif(Units!A:A,H30)) -> 1 | J30: AtomicUnitOfElectricFieldGradient | K30: =countif(Quantities!A:A,J30) -> 1 | L30: =J30=B30 -> TRUE | M30: AtomicUnitOfElectricFieldGradient | N30: =if(isblank(M30),"",hyperlink("https://qudt.org/vocab/constant/"&M30&".html","qudt")) -> qudt | O30: =not(isblank(M30)) -> TRUE | R30: =if(isblank(Q30),"",hyperlink("https://si-digital-framework.org/constants/"&Q30,"SI")) | S30: =sum(T30:Z30) -> 7 | T30: =countif('v2022'!E:E,A30) -> 1 | U30: =countif('v2018'!E:E,A30) -> 1 | V30: =countif('v2014'!E:E,A30) -> 1 | W30: =countif('v2010'!E:E,A30) -> 1 | X30: =countif('v2006'!E:E,A30) -> 1 | Y30: =countif('v2002'!E:E,A30) -> 1 | Z30: =countif('v1998'!E:E,A30) -> 1
A31: auepol | B31: AtomicUnitOfElectricPolarizability | C31: =proper(E31) -> Atomic Unit Of Electric Polarizability | D31: =UPPER(LEFT(F31,1))&MID(F31,2,LEN(F31)) -> Unité atomique de polarisabilité | E31: atomic unit of electric polarizability | F31: unité atomique de polarisabilité | G31: C^2 m^2 J^-1 | H31: =if(ISBLANK(G31),"",SUBSTITUTE(SUBSTITUTE(G31,"^","")," ","_")) -> C2_m2_J-1 | I31: =if(H31="","", countif(Units!A:A,H31)) -> 1 | J31: AtomicUnitOfElectricPolarizability | K31: =countif(Quantities!A:A,J31) -> 1 | L31: =J31=B31 -> TRUE | M31: AtomicUnitOfElectricPolarizablity | N31: =if(isblank(M31),"",hyperlink("https://qudt.org/vocab/constant/"&M31&".html","qudt")) -> qudt | O31: =not(isblank(M31)) -> TRUE | R31: =if(isblank(Q31),"",hyperlink("https://si-digital-framework.org/constants/"&Q31,"SI")) | S31: =sum(T31:Z31) -> 7 | T31: =countif('v2022'!E:E,A31) -> 1 | U31: =countif('v2018'!E:E,A31) -> 1 | V31: =countif('v2014'!E:E,A31) -> 1 | W31: =countif('v2010'!E:E,A31) -> 1 | X31: =countif('v2006'!E:E,A31) -> 1 | Y31: =countif('v2002'!E:E,A31) -> 1 | Z31: =countif('v1998'!E:E,A31) -> 1
A32: auep | B32: AtomicUnitOfElectricPotential | C32: =proper(E32) -> Atomic Unit Of Electric Potential | D32: =UPPER(LEFT(F32,1))&MID(F32,2,LEN(F32)) -> Unité atomique de potentiel électrique | E32: atomic unit of electric potential | F32: unité atomique de potentiel électrique | G32: V | H32: =if(ISBLANK(G32),"",SUBSTITUTE(SUBSTITUTE(G32,"^","")," ","_")) -> V | I32: =if(H32="","", countif(Units!A:A,H32)) -> 1 | J32: AtomicUnitOfElectricPotential | K32: =countif(Quantities!A:A,J32) -> 1 | L32: =J32=B32 -> TRUE | M32: AtomicUnitOfElectricPotential | N32: =if(isblank(M32),"",hyperlink("https://qudt.org/vocab/constant/"&M32&".html","qudt")) -> qudt | O32: =not(isblank(M32)) -> TRUE | R32: =if(isblank(Q32),"",hyperlink("https://si-digital-framework.org/constants/"&Q32,"SI")) | S32: =sum(T32:Z32) -> 7 | T32: =countif('v2022'!E:E,A32) -> 1 | U32: =countif('v2018'!E:E,A32) -> 1 | V32: =countif('v2014'!E:E,A32) -> 1 | W32: =countif('v2010'!E:E,A32) -> 1 | X32: =countif('v2006'!E:E,A32) -> 1 | Y32: =countif('v2002'!E:E,A32) -> 1 | Z32: =countif('v1998'!E:E,A32) -> 1
A33: aueqm | B33: AtomicUnitOfElectricQuadrupoleMoment | C33: =proper(E33) -> Atomic Unit Of Electric Quadrupole Moment | D33: =UPPER(LEFT(F33,1))&MID(F33,2,LEN(F33)) -> Unité atomique de moment quadrupolaire électrique | E33: atomic unit of electric quadrupole moment | F33: unité atomique de moment quadrupolaire électrique | G33: C m^2 | H33: =if(ISBLANK(G33),"",SUBSTITUTE(SUBSTITUTE(G33,"^","")," ","_")) -> C_m2 | I33: =if(H33="","", countif(Units!A:A,H33)) -> 1 | J33: AtomicUnitOfElectricQuadrupoleMoment | K33: =countif(Quantities!A:A,J33) -> 1 | L33: =J33=B33 -> TRUE | M33: AtomicUnitOfElectricQuadrupoleMoment | N33: =if(isblank(M33),"",hyperlink("https://qudt.org/vocab/constant/"&M33&".html","qudt")) -> qudt | O33: =not(isblank(M33)) -> TRUE | R33: =if(isblank(Q33),"",hyperlink("https://si-digital-framework.org/constants/"&Q33,"SI")) | S33: =sum(T33:Z33) -> 7 | T33: =countif('v2022'!E:E,A33) -> 1 | U33: =countif('v2018'!E:E,A33) -> 1 | V33: =countif('v2014'!E:E,A33) -> 1 | W33: =countif('v2010'!E:E,A33) -> 1 | X33: =countif('v2006'!E:E,A33) -> 1 | Y33: =countif('v2002'!E:E,A33) -> 1 | Z33: =countif('v1998'!E:E,A33) -> 1
A34: thr | B34: AtomicUnitOfEnergy | C34: =proper(E34) -> Atomic Unit Of Energy | D34: =UPPER(LEFT(F34,1))&MID(F34,2,LEN(F34)) -> Unité atomique d'énergie | E34: atomic unit of energy | F34: unité atomique d'énergie | G34: J | H34: =if(ISBLANK(G34),"",SUBSTITUTE(SUBSTITUTE(G34,"^","")," ","_")) -> J | I34: =if(H34="","", countif(Units!A:A,H34)) -> 1 | J34: AtomicUnitOfEnergy | K34: =countif(Quantities!A:A,J34) -> 1 | L34: =J34=B34 -> TRUE | M34: AtomicUnitOfEnergy | N34: =if(isblank(M34),"",hyperlink("https://qudt.org/vocab/constant/"&M34&".html","qudt")) -> qudt | O34: =not(isblank(M34)) -> TRUE | R34: =if(isblank(Q34),"",hyperlink("https://si-digital-framework.org/constants/"&Q34,"SI")) | S34: =sum(T34:Z34) -> 7 | T34: =countif('v2022'!E:E,A34) -> 1 | U34: =countif('v2018'!E:E,A34) -> 1 | V34: =countif('v2014'!E:E,A34) -> 1 | W34: =countif('v2010'!E:E,A34) -> 1 | X34: =countif('v2006'!E:E,A34) -> 1 | Y34: =countif('v2002'!E:E,A34) -> 1 | Z34: =countif('v1998'!E:E,A34) -> 1
A35: auforce | B35: AtomicUnitOfForce | C35: =proper(E35) -> Atomic Unit Of Force | D35: =UPPER(LEFT(F35,1))&MID(F35,2,LEN(F35)) -> Unité atomique de force | E35: atomic unit of force | F35: unité atomique de force | G35: N | H35: =if(ISBLANK(G35),"",SUBSTITUTE(SUBSTITUTE(G35,"^","")," ","_")) -> N | I35: =if(H35="","", countif(Units!A:A,H35)) -> 1 | J35: AtomicUnitOfForce | K35: =countif(Quantities!A:A,J35) -> 1 | L35: =J35=B35 -> TRUE | M35: AtomicUnitOfForce | N35: =if(isblank(M35),"",hyperlink("https://qudt.org/vocab/constant/"&M35&".html","qudt")) -> qudt | O35: =not(isblank(M35)) -> TRUE | R35: =if(isblank(Q35),"",hyperlink("https://si-digital-framework.org/constants/"&Q35,"SI")) | S35: =sum(T35:Z35) -> 7 | T35: =countif('v2022'!E:E,A35) -> 1 | U35: =countif('v2018'!E:E,A35) -> 1 | V35: =countif('v2014'!E:E,A35) -> 1 | W35: =countif('v2010'!E:E,A35) -> 1 | X35: =countif('v2006'!E:E,A35) -> 1 | Y35: =countif('v2002'!E:E,A35) -> 1 | Z35: =countif('v1998'!E:E,A35) -> 1
A36: tbohrrada0 | B36: AtomicUnitOfLength | C36: =proper(E36) -> Atomic Unit Of Length | D36: =UPPER(LEFT(F36,1))&MID(F36,2,LEN(F36)) -> Unité atomique de longueur | E36: atomic unit of length | F36: unité atomique de longueur | G36: m | H36: =if(ISBLANK(G36),"",SUBSTITUTE(SUBSTITUTE(G36,"^","")," ","_")) -> m | I36: =if(H36="","", countif(Units!A:A,H36)) -> 1 | J36: AtomicUnitOfLength | K36: =countif(Quantities!A:A,J36) -> 1 | L36: =J36=B36 -> TRUE | M36: AtomicUnitOfLength | N36: =if(isblank(M36),"",hyperlink("https://qudt.org/vocab/constant/"&M36&".html","qudt")) -> qudt | O36: =not(isblank(M36)) -> TRUE | R36: =if(isblank(Q36),"",hyperlink("https://si-digital-framework.org/constants/"&Q36,"SI")) | S36: =sum(T36:Z36) -> 7 | T36: =countif('v2022'!E:E,A36) -> 1 | U36: =countif('v2018'!E:E,A36) -> 1 | V36: =countif('v2014'!E:E,A36) -> 1 | W36: =countif('v2010'!E:E,A36) -> 1 | X36: =countif('v2006'!E:E,A36) -> 1 | Y36: =countif('v2002'!E:E,A36) -> 1 | Z36: =countif('v1998'!E:E,A36) -> 1
A37: aumdm | B37: AtomicUnitOfMagneticDipoleMoment | C37: =proper(E37) -> Atomic Unit Of Magnetic Dipole Moment | D37: =UPPER(LEFT(F37,1))&MID(F37,2,LEN(F37)) -> Unité atomique de moment dipolaire magnétique | E37: atomic unit of magnetic dipole moment | F37: unité atomique de moment dipolaire magnétique | G37: J T^-1 | H37: =if(ISBLANK(G37),"",SUBSTITUTE(SUBSTITUTE(G37,"^","")," ","_")) -> J_T-1 | I37: =if(H37="","", countif(Units!A:A,H37)) -> 1 | J37: AtomicUnitOfMagneticDipoleMoment | K37: =countif(Quantities!A:A,J37) -> 1 | L37: =J37=B37 -> TRUE | M37: AtomicUnitOfMagneticDipoleMoment | N37: =if(isblank(M37),"",hyperlink("https://qudt.org/vocab/constant/"&M37&".html","qudt")) -> qudt | O37: =not(isblank(M37)) -> TRUE | R37: =if(isblank(Q37),"",hyperlink("https://si-digital-framework.org/constants/"&Q37,"SI")) | S37: =sum(T37:Z37) -> 7 | T37: =countif('v2022'!E:E,A37) -> 1 | U37: =countif('v2018'!E:E,A37) -> 1 | V37: =countif('v2014'!E:E,A37) -> 1 | W37: =countif('v2010'!E:E,A37) -> 1 | X37: =countif('v2006'!E:E,A37) -> 1 | Y37: =countif('v2002'!E:E,A37) -> 1 | Z37: =countif('v1998'!E:E,A37) -> 1
... A44: auvel | B44: AtomicUnitOfVelocity | C44: =proper(E44) -> Atomic Unit Of Velocity | D44: =UPPER(LEFT(F44,1))&MID(F44,2,LEN(F44)) -> Unité atomique de vitesse | E44: atomic unit of velocity | F44: unité atomique de vitesse | G44: m s^-1 | H44: =if(ISBLANK(G44),"",SUBSTITUTE(SUBSTITUTE(G44,"^","")," ","_")) -> m_s-1 | I44: =if(H44="","", countif(Units!A:A,H44)) -> 1 | J44: AtomicUnitOfVelocity | K44: =countif(Quantities!A:A,J44) -> 1 | L44: =J44=B44 -> TRUE | M44: AtomicUnitOfVelocity | N44: =if(isblank(M44),"",hyperlink("https://qudt.org/vocab/constant/"&M44&".html","qudt")) -> qudt | O44: =not(isblank(M44)) -> TRUE | R44: =if(isblank(Q44),"",hyperlink("https://si-digital-framework.org/constants/"&Q44,"SI")) | S44: =sum(T44:Z44) -> 7 | T44: =countif('v2022'!E:E,A44) -> 1 | U44: =countif('v2018'!E:E,A44) -> 1 | V44: =countif('v2014'!E:E,A44) -> 1 | W44: =countif('v2010'!E:E,A44) -> 1 | X44: =countif('v2006'!E:E,A44) -> 1 | Y44: =countif('v2002'!E:E,A44) -> 1 | Z44: =countif('v1998'!E:E,A44) -> 1
A45: na | B45: AvogadroConstant | C45: =proper(E45) -> Avogadro Constant | D45: =UPPER(LEFT(F45,1))&MID(F45,2,LEN(F45)) -> Constante d'Avogadro | E45: Avogadro constant | F45: constante d'Avogadro | G45: mol^-1 | H45: =if(ISBLANK(G45),"",SUBSTITUTE(SUBSTITUTE(G45,"^","")," ","_")) -> mol-1 | I45: =if(H45="","", countif(Units!A:A,H45)) -> 1 | J45: AvogadroConstant | K45: =countif(Quantities!A:A,J45) -> 1 | L45: =J45=B45 -> TRUE | M45: AvogadroConstant | N45: =if(isblank(M45),"",hyperlink("https://qudt.org/vocab/constant/"&M45&".html","qudt")) -> qudt | O45: =not(isblank(M45)) -> TRUE | Q45: AvogadroConstant | R45: =if(isblank(Q45),"",hyperlink("https://si-digital-framework.org/constants/"&Q45,"SI")) -> SI | S45: =sum(T45:Z45) -> 7 | T45: =countif('v2022'!E:E,A45) -> 1 | U45: =countif('v2018'!E:E,A45) -> 1 | V45: =countif('v2014'!E:E,A45) -> 1 | W45: =countif('v2010'!E:E,A45) -> 1 | X45: =countif('v2006'!E:E,A45) -> 1 | Y45: =countif('v2002'!E:E,A45) -> 1 | Z45: =countif('v1998'!E:E,A45) -> 1
A46: mub | B46: BohrMagneton | C46: =proper(E46) -> Bohr Magneton | D46: =UPPER(LEFT(F46,1))&MID(F46,2,LEN(F46)) -> Magnéton de Bohr | E46: Bohr magneton | F46: magnéton de Bohr | G46: J T^-1 | H46: =if(ISBLANK(G46),"",SUBSTITUTE(SUBSTITUTE(G46,"^","")," ","_")) -> J_T-1 | I46: =if(H46="","", countif(Units!A:A,H46)) -> 1 | J46: BohrMagneton | K46: =countif(Quantities!A:A,J46) -> 1 | L46: =J46=B46 -> TRUE | M46: BohrMagneton | N46: =if(isblank(M46),"",hyperlink("https://qudt.org/vocab/constant/"&M46&".html","qudt")) -> qudt | O46: =not(isblank(M46)) -> TRUE | R46: =if(isblank(Q46),"",hyperlink("https://si-digital-framework.org/constants/"&Q46,"SI")) | S46: =sum(T46:Z46) -> 7 | T46: =countif('v2022'!E:E,A46) -> 1 | U46: =countif('v2018'!E:E,A46) -> 1 | V46: =countif('v2014'!E:E,A46) -> 1 | W46: =countif('v2010'!E:E,A46) -> 1 | X46: =countif('v2006'!E:E,A46) -> 1 | Y46: =countif('v2002'!E:E,A46) -> 1 | Z46: =countif('v1998'!E:E,A46) -> 1
A47: mubev | B47: BohrMagnetonInEVPerT | C47: Bohr Magneton In eV/T | D47: =UPPER(LEFT(F47,1))&MID(F47,2,LEN(F47)) -> Magnéton de Bohr en eV/T | E47: Bohr magneton in eV/T | F47: magnéton de Bohr en eV/T | G47: eV T^-1 | H47: =if(ISBLANK(G47),"",SUBSTITUTE(SUBSTITUTE(G47,"^","")," ","_")) -> eV_T-1 | I47: =if(H47="","", countif(Units!A:A,H47)) -> 1 | J47: BohrMagneton | K47: =countif(Quantities!A:A,J47) -> 1 | L47: =J47=B47 -> FALSE | M47: BohrMagnetonInEVPerT | N47: =if(isblank(M47),"",hyperlink("https://qudt.org/vocab/constant/"&M47&".html","qudt")) -> qudt | O47: =not(isblank(M47)) -> TRUE | R47: =if(isblank(Q47),"",hyperlink("https://si-digital-framework.org/constants/"&Q47,"SI")) | S47: =sum(T47:Z47) -> 7 | T47: =countif('v2022'!E:E,A47) -> 1 | U47: =countif('v2018'!E:E,A47) -> 1 | V47: =countif('v2014'!E:E,A47) -> 1 | W47: =countif('v2010'!E:E,A47) -> 1 | X47: =countif('v2006'!E:E,A47) -> 1 | Y47: =countif('v2002'!E:E,A47) -> 1 | Z47: =countif('v1998'!E:E,A47) -> 1
A48: mubshhz | B48: BohrMagnetonInHzPerT | C48: =proper(E48) -> Bohr Magneton In Hz/T | D48: =UPPER(LEFT(F48,1))&MID(F48,2,LEN(F48)) -> Magnéton de Bohr en Hz/T | E48: Bohr magneton in Hz/T | F48: magnéton de Bohr en Hz/T | G48: Hz T^-1 | H48: =if(ISBLANK(G48),"",SUBSTITUTE(SUBSTITUTE(G48,"^","")," ","_")) -> Hz_T-1 | I48: =if(H48="","", countif(Units!A:A,H48)) -> 1 | J48: BohrMagneton | K48: =countif(Quantities!A:A,J48) -> 1 | L48: =J48=B48 -> FALSE | M48: BohrMagnetonInHzPerT | N48: =if(isblank(M48),"",hyperlink("https://qudt.org/vocab/constant/"&M48&".html","qudt")) -> qudt | O48: =not(isblank(M48)) -> TRUE | R48: =if(isblank(Q48),"",hyperlink("https://si-digital-framework.org/constants/"&Q48,"SI")) | S48: =sum(T48:Z48) -> 7 | T48: =countif('v2022'!E:E,A48) -> 1 | U48: =countif('v2018'!E:E,A48) -> 1 | V48: =countif('v2014'!E:E,A48) -> 1 | W48: =countif('v2010'!E:E,A48) -> 1 | X48: =countif('v2006'!E:E,A48) -> 1 | Y48: =countif('v2002'!E:E,A48) -> 1 | Z48: =countif('v1998'!E:E,A48) -> 1
A49: mubshcminv | B49: BohrMagnetonInInverseMetersPerTesla | C49: =proper(E49) -> Bohr Magneton In Inverse Meter Per Tesla | D49: =UPPER(LEFT(F49,1))&MID(F49,2,LEN(F49)) -> Magnéton de Bohr en mètre inverse par tesla | E49: Bohr magneton in inverse meter per tesla | F49: magnéton de Bohr en mètre inverse par tesla | G49: m^-1 T^-1 | H49: =if(ISBLANK(G49),"",SUBSTITUTE(SUBSTITUTE(G49,"^","")," ","_")) -> m-1_T-1 | I49: =if(H49="","", countif(Units!A:A,H49)) -> 1 | J49: BohrMagneton | K49: =countif(Quantities!A:A,J49) -> 1 | L49: =J49=B49 -> FALSE | M49: BohrMagnetonInInverseMetersPerTesla | N49: =if(isblank(M49),"",hyperlink("https://qudt.org/vocab/constant/"&M49&".html","qudt")) -> qudt | O49: =not(isblank(M49)) -> TRUE | R49: =if(isblank(Q49),"",hyperlink("https://si-digital-framework.org/constants/"&Q49,"SI")) | S49: =sum(T49:Z49) -> 7 | T49: =countif('v2022'!E:E,A49) -> 1 | U49: =countif('v2018'!E:E,A49) -> 1 | V49: =countif('v2014'!E:E,A49) -> 1 | W49: =countif('v2010'!E:E,A49) -> 1 | X49: =countif('v2006'!E:E,A49) -> 1 | Y49: =countif('v2002'!E:E,A49) -> 1 | Z49: =countif('v1998'!E:E,A49) -> 1
A50: mubskk | B50: BohrMagnetonInKPerT | C50: =proper(E50) -> Bohr Magneton In K/T | D50: =UPPER(LEFT(F50,1))&MID(F50,2,LEN(F50)) -> Magnéton de Bohr en K/T | E50: Bohr magneton in K/T | F50: magnéton de Bohr en K/T | G50: K T^-1 | H50: =if(ISBLANK(G50),"",SUBSTITUTE(SUBSTITUTE(G50,"^","")," ","_")) -> K_T-1 | I50: =if(H50="","", countif(Units!A:A,H50)) -> 1 | J50: BohrMagneton | K50: =countif(Quantities!A:A,J50) -> 1 | L50: =J50=B50 -> FALSE | M50: BohrMagnetonInKPerT | N50: =if(isblank(M50),"",hyperlink("https://qudt.org/vocab/constant/"&M50&".html","qudt")) -> qudt | O50: =not(isblank(M50)) -> TRUE | R50: =if(isblank(Q50),"",hyperlink("https://si-digital-framework.org/constants/"&Q50,"SI")) | S50: =sum(T50:Z50) -> 7 | T50: =countif('v2022'!E:E,A50) -> 1 | U50: =countif('v2018'!E:E,A50) -> 1 | V50: =countif('v2014'!E:E,A50) -> 1 | W50: =countif('v2010'!E:E,A50) -> 1 | X50: =countif('v2006'!E:E,A50) -> 1 | Y50: =countif('v2002'!E:E,A50) -> 1 | Z50: =countif('v1998'!E:E,A50) -> 1
A51: bohrrada0 | B51: BohrRadius | C51: =proper(E51) -> Bohr Radius | D51: =UPPER(LEFT(F51,1))&MID(F51,2,LEN(F51)) -> Rayon de Bohr | E51: Bohr radius | F51: rayon de Bohr | G51: m | H51: =if(ISBLANK(G51),"",SUBSTITUTE(SUBSTITUTE(G51,"^","")," ","_")) -> m | I51: =if(H51="","", countif(Units!A:A,H51)) -> 1 | J51: BohrRadius | K51: =countif(Quantities!A:A,J51) -> 1 | L51: =J51=B51 -> TRUE | M51: BohrRadius | N51: =if(isblank(M51),"",hyperlink("https://qudt.org/vocab/constant/"&M51&".html","qudt")) -> qudt | O51: =not(isblank(M51)) -> TRUE | R51: =if(isblank(Q51),"",hyperlink("https://si-digital-framework.org/constants/"&Q51,"SI")) | S51: =sum(T51:Z51) -> 7 | T51: =countif('v2022'!E:E,A51) -> 1 | U51: =countif('v2018'!E:E,A51) -> 1 | V51: =countif('v2014'!E:E,A51) -> 1 | W51: =countif('v2010'!E:E,A51) -> 1 | X51: =countif('v2006'!E:E,A51) -> 1 | Y51: =countif('v2002'!E:E,A51) -> 1 | Z51: =countif('v1998'!E:E,A51) -> 1
A52: k | B52: BoltzmannConstant | C52: =proper(E52) -> Boltzmann Constant | D52: =UPPER(LEFT(F52,1))&MID(F52,2,LEN(F52)) -> Constante de Boltzmann | E52: Boltzmann constant | F52: constante de Boltzmann | G52: J K^-1 | H52: =if(ISBLANK(G52),"",SUBSTITUTE(SUBSTITUTE(G52,"^","")," ","_")) -> J_K-1 | I52: =if(H52="","", countif(Units!A:A,H52)) -> 1 | J52: BoltzmannConstant | K52: =countif(Quantities!A:A,J52) -> 1 | L52: =J52=B52 -> TRUE | M52: BoltzmannConstant | N52: =if(isblank(M52),"",hyperlink("https://qudt.org/vocab/constant/"&M52&".html","qudt")) -> qudt | O52: =not(isblank(M52)) -> TRUE | P52: [k] | Q52: BoltzmannConstant | R52: =if(isblank(Q52),"",hyperlink("https://si-digital-framework.org/constants/"&Q52,"SI")) -> SI | S52: =sum(T52:Z52) -> 7 | T52: =countif('v2022'!E:E,A52) -> 1 | U52: =countif('v2018'!E:E,A52) -> 1 | V52: =countif('v2014'!E:E,A52) -> 1 | W52: =countif('v2010'!E:E,A52) -> 1 | X52: =countif('v2006'!E:E,A52) -> 1 | Y52: =countif('v2002'!E:E,A52) -> 1 | Z52: =countif('v1998'!E:E,A52) -> 1
A53: tkev | B53: BoltzmannConstantInEVPerK | C53: Boltzmann Constant In eV/K | D53: =UPPER(LEFT(F53,1))&MID(F53,2,LEN(F53)) -> Constante de Boltzmann en eV/K | E53: Boltzmann constant in eV/K | F53: constante de Boltzmann en eV/K | G53: eV K^-1 | H53: =if(ISBLANK(G53),"",SUBSTITUTE(SUBSTITUTE(G53,"^","")," ","_")) -> eV_K-1 | I53: =if(H53="","", countif(Units!A:A,H53)) -> 1 | J53: BoltzmannConstant | K53: =countif(Quantities!A:A,J53) -> 1 | L53: =J53=B53 -> FALSE | M53: BoltzmannConstantInEVPerK | N53: =if(isblank(M53),"",hyperlink("https://qudt.org/vocab/constant/"&M53&".html","qudt")) -> qudt | O53: =not(isblank(M53)) -> TRUE | R53: =if(isblank(Q53),"",hyperlink("https://si-digital-framework.org/constants/"&Q53,"SI")) | S53: =sum(T53:Z53) -> 7 | T53: =countif('v2022'!E:E,A53) -> 1 | U53: =countif('v2018'!E:E,A53) -> 1 | V53: =countif('v2014'!E:E,A53) -> 1 | W53: =countif('v2010'!E:E,A53) -> 1 | X53: =countif('v2006'!E:E,A53) -> 1 | Y53: =countif('v2002'!E:E,A53) -> 1 | Z53: =countif('v1998'!E:E,A53) -> 1
A54: kshhz | B54: BoltzmannConstantInHzPerK | C54: =proper(E54) -> Boltzmann Constant In Hz/K | D54: =UPPER(LEFT(F54,1))&MID(F54,2,LEN(F54)) -> Constante de Boltzmann en Hz/K | E54: Boltzmann constant in Hz/K | F54: constante de Boltzmann en Hz/K | G54: Hz K^-1 | H54: =if(ISBLANK(G54),"",SUBSTITUTE(SUBSTITUTE(G54,"^","")," ","_")) -> Hz_K-1 | I54: =if(H54="","", countif(Units!A:A,H54)) -> 1 | J54: BoltzmannConstant | K54: =countif(Quantities!A:A,J54) -> 1 | L54: =J54=B54 -> FALSE | M54: BoltzmannConstantInHzPerK | N54: =if(isblank(M54),"",hyperlink("https://qudt.org/vocab/constant/"&M54&".html","qudt")) -> qudt | O54: =not(isblank(M54)) -> TRUE | R54: =if(isblank(Q54),"",hyperlink("https://si-digital-framework.org/constants/"&Q54,"SI")) | S54: =sum(T54:Z54) -> 7 | T54: =countif('v2022'!E:E,A54) -> 1 | U54: =countif('v2018'!E:E,A54) -> 1 | V54: =countif('v2014'!E:E,A54) -> 1 | W54: =countif('v2010'!E:E,A54) -> 1 | X54: =countif('v2006'!E:E,A54) -> 1 | Y54: =countif('v2002'!E:E,A54) -> 1 | Z54: =countif('v1998'!E:E,A54) -> 1
A55: kshcminv | B55: BoltzmannConstantInInverseMetersPerKelvin | C55: =proper(E55) -> Boltzmann Constant In Inverse Meter Per Kelvin | D55: =UPPER(LEFT(F55,1))&MID(F55,2,LEN(F55)) -> Constante de Boltzmann en mètre inverse par kelvin | E55: Boltzmann constant in inverse meter per kelvin | F55: constante de Boltzmann en mètre inverse par kelvin | G55: m^-1 K^-1 | H55: =if(ISBLANK(G55),"",SUBSTITUTE(SUBSTITUTE(G55,"^","")," ","_")) -> m-1_K-1 | I55: =if(H55="","", countif(Units!A:A,H55)) -> 1 | J55: BoltzmannConstant | K55: =countif(Quantities!A:A,J55) -> 1 | L55: =J55=B55 -> FALSE | M55: BoltzmannConstantInInverseMetersPerKelvin | N55: =if(isblank(M55),"",hyperlink("https://qudt.org/vocab/constant/"&M55&".html","qudt")) -> qudt | O55: =not(isblank(M55)) -> TRUE | R55: =if(isblank(Q55),"",hyperlink("https://si-digital-framework.org/constants/"&Q55,"SI")) | S55: =sum(T55:Z55) -> 7 | T55: =countif('v2022'!E:E,A55) -> 1 | U55: =countif('v2018'!E:E,A55) -> 1 | V55: =countif('v2014'!E:E,A55) -> 1 | W55: =countif('v2010'!E:E,A55) -> 1 | X55: =countif('v2006'!E:E,A55) -> 1 | Y55: =countif('v2002'!E:E,A55) -> 1 | Z55: =countif('v1998'!E:E,A55) -> 1
A56: z0 | B56: CharacteristicImpedanceOfVacuum | C56: =proper(E56) -> Characteristic Impedance Of Vacuum | D56: =UPPER(LEFT(F56,1))&MID(F56,2,LEN(F56)) -> Impédance caractéristique du vide | E56: characteristic impedance of vacuum | F56: impédance caractéristique du vide | G56: ohm | H56: =if(ISBLANK(G56),"",SUBSTITUTE(SUBSTITUTE(G56,"^","")," ","_")) -> ohm | I56: =if(H56="","", countif(Units!A:A,H56)) -> 1 | J56: CharacteristicImpedanceOfVacuum | K56: =countif(Quantities!A:A,J56) -> 1 | L56: =J56=B56 -> TRUE | M56: CharacteristicImpedanceOfVacuum | N56: =if(isblank(M56),"",hyperlink("https://qudt.org/vocab/constant/"&M56&".html","qudt")) -> qudt | O56: =not(isblank(M56)) -> TRUE | R56: =if(isblank(Q56),"",hyperlink("https://si-digital-framework.org/constants/"&Q56,"SI")) | S56: =sum(T56:Z56) -> 7 | T56: =countif('v2022'!E:E,A56) -> 1 | U56: =countif('v2018'!E:E,A56) -> 1 | V56: =countif('v2014'!E:E,A56) -> 1 | W56: =countif('v2010'!E:E,A56) -> 1 | X56: =countif('v2006'!E:E,A56) -> 1 | Y56: =countif('v2002'!E:E,A56) -> 1 | Z56: =countif('v1998'!E:E,A56) -> 1
A57: re | B57: ClassicalElectronRadius | C57: =proper(E57) -> Classical Electron Radius | D57: =UPPER(LEFT(F57,1))&MID(F57,2,LEN(F57)) -> Rayon classique de l'électron | E57: classical electron radius | F57: rayon classique de l'électron | G57: m | H57: =if(ISBLANK(G57),"",SUBSTITUTE(SUBSTITUTE(G57,"^","")," ","_")) -> m | I57: =if(H57="","", countif(Units!A:A,H57)) -> 1 | J57: ClassicalElectronRadius | K57: =countif(Quantities!A:A,J57) -> 1 | L57: =J57=B57 -> TRUE | M57: ClassicalElectronRadius | N57: =if(isblank(M57),"",hyperlink("https://qudt.org/vocab/constant/"&M57&".html","qudt")) -> qudt | O57: =not(isblank(M57)) -> TRUE | R57: =if(isblank(Q57),"",hyperlink("https://si-digital-framework.org/constants/"&Q57,"SI")) | S57: =sum(T57:Z57) -> 7 | T57: =countif('v2022'!E:E,A57) -> 1 | U57: =countif('v2018'!E:E,A57) -> 1 | V57: =countif('v2014'!E:E,A57) -> 1 | W57: =countif('v2010'!E:E,A57) -> 1 | X57: =countif('v2006'!E:E,A57) -> 1 | Y57: =countif('v2002'!E:E,A57) -> 1 | Z57: =countif('v1998'!E:E,A57) -> 1
A58: ecomwl | B58: ComptonWavelength | C58: =proper(E58) -> Compton Wavelength | D58: =UPPER(LEFT(F58,1))&MID(F58,2,LEN(F58)) -> Longueur d'onde de Compton | E58: Compton wavelength | F58: longueur d'onde de Compton | G58: m | H58: =if(ISBLANK(G58),"",SUBSTITUTE(SUBSTITUTE(G58,"^","")," ","_")) -> m | I58: =if(H58="","", countif(Units!A:A,H58)) -> 1 | J58: ComptonWavelength | K58: =countif(Quantities!A:A,J58) -> 1 | L58: =J58=B58 -> TRUE | M58: ComptonWavelength | N58: =if(isblank(M58),"",hyperlink("https://qudt.org/vocab/constant/"&M58&".html","qudt")) -> qudt | O58: =not(isblank(M58)) -> TRUE | R58: =if(isblank(Q58),"",hyperlink("https://si-digital-framework.org/constants/"&Q58,"SI")) | S58: =sum(T58:Z58) -> 7 | T58: =countif('v2022'!E:E,A58) -> 1 | U58: =countif('v2018'!E:E,A58) -> 1 | V58: =countif('v2014'!E:E,A58) -> 1 | W58: =countif('v2010'!E:E,A58) -> 1 | X58: =countif('v2006'!E:E,A58) -> 1 | Y58: =countif('v2002'!E:E,A58) -> 1 | Z58: =countif('v1998'!E:E,A58) -> 1
A59: conqu2e2sh | B59: ConductanceQuantum | C59: =proper(E59) -> Conductance Quantum | D59: =UPPER(LEFT(F59,1))&MID(F59,2,LEN(F59)) -> Quantum de conductance | E59: conductance quantum | F59: quantum de conductance | G59: S | H59: =if(ISBLANK(G59),"",SUBSTITUTE(SUBSTITUTE(G59,"^","")," ","_")) -> S | I59: =if(H59="","", countif(Units!A:A,H59)) -> 2 | J59: ConductanceQuantum | K59: =countif(Quantities!A:A,J59) -> 1 | L59: =J59=B59 -> TRUE | M59: ConductanceQuantum | N59: =if(isblank(M59),"",hyperlink("https://qudt.org/vocab/constant/"&M59&".html","qudt")) -> qudt | O59: =not(isblank(M59)) -> TRUE | R59: =if(isblank(Q59),"",hyperlink("https://si-digital-framework.org/constants/"&Q59,"SI")) | S59: =sum(T59:Z59) -> 7 | T59: =countif('v2022'!E:E,A59) -> 1 | U59: =countif('v2018'!E:E,A59) -> 1 | V59: =countif('v2014'!E:E,A59) -> 1 | W59: =countif('v2010'!E:E,A59) -> 1 | X59: =countif('v2006'!E:E,A59) -> 1 | Y59: =countif('v2002'!E:E,A59) -> 1 | Z59: =countif('v1998'!E:E,A59) -> 1
A60: ampere90 | B60: ConventionalValueOfAmpere90 | C60: =proper(E60) -> Conventional Value Of Ampere-90 | D60: =UPPER(LEFT(F60,1))&MID(F60,2,LEN(F60)) -> Valeur conventionnelle de l'ampère-90 | E60: conventional value of ampere-90 | F60: valeur conventionnelle de l'ampère-90 | G60: A | H60: AXC | I60: =if(H60="","", countif(Units!A:A,H60)) -> 1 | J60: ConventionalValueOfAmpere90 | K60: =countif(Quantities!A:A,J60) -> 1 | L60: =J60=B60 -> TRUE | N60: =if(isblank(M60),"",hyperlink("https://qudt.org/vocab/constant/"&M60&".html","qudt")) | O60: =not(isblank(M60)) -> FALSE | R60: =if(isblank(Q60),"",hyperlink("https://si-digital-framework.org/constants/"&Q60,"SI")) | S60: =sum(T60:Z60) -> 2 | T60: =countif('v2022'!E:E,A60) -> 1 | U60: =countif('v2018'!E:E,A60) -> 1 | V60: =countif('v2014'!E:E,A60) -> 0 | W60: =countif('v2010'!E:E,A60) -> 0 | X60: =countif('v2006'!E:E,A60) -> 0 | Y60: =countif('v2002'!E:E,A60) -> 0 | Z60: =countif('v1998'!E:E,A60) -> 0
A61: charge90 | B61: ConventionalValueOfCoulomb90 | C61: =proper(E61) -> Conventional Value Of Coulomb-90 | D61: =UPPER(LEFT(F61,1))&MID(F61,2,LEN(F61)) -> Valeur conventionnelle du coulomb-90 | E61: conventional value of coulomb-90 | F61: valeur conventionnelle du coulomb-90 | G61: C | H61: CXC_mol-1 | I61: =if(H61="","", countif(Units!A:A,H61)) -> 1 | J61: ConventionalValueOfCoulomb90 | K61: =countif(Quantities!A:A,J61) -> 1 | L61: =J61=B61 -> TRUE | N61: =if(isblank(M61),"",hyperlink("https://qudt.org/vocab/constant/"&M61&".html","qudt")) | O61: =not(isblank(M61)) -> FALSE | R61: =if(isblank(Q61),"",hyperlink("https://si-digital-framework.org/constants/"&Q61,"SI")) | S61: =sum(T61:Z61) -> 2 | T61: =countif('v2022'!E:E,A61) -> 1 | U61: =countif('v2018'!E:E,A61) -> 1 | V61: =countif('v2014'!E:E,A61) -> 0 | W61: =countif('v2010'!E:E,A61) -> 0 | X61: =countif('v2006'!E:E,A61) -> 0 | Y61: =countif('v2002'!E:E,A61) -> 0 | Z61: =countif('v1998'!E:E,A61) -> 0
A62: capacitance90 | B62: ConventionalValueOfFarad90 | C62: =proper(E62) -> Conventional Value Of Farad-90 | D62: =UPPER(LEFT(F62,1))&MID(F62,2,LEN(F62)) -> Valeur conventionnelle du farad-90 | E62: conventional value of farad-90 | F62: valeur conventionnelle du farad-90 | G62: F | H62: FXC | I62: =if(H62="","", countif(Units!A:A,H62)) -> 1 | J62: ConventionalValueOfFarad90 | K62: =countif(Quantities!A:A,J62) -> 1 | L62: =J62=B62 -> TRUE | N62: =if(isblank(M62),"",hyperlink("https://qudt.org/vocab/constant/"&M62&".html","qudt")) | O62: =not(isblank(M62)) -> FALSE | R62: =if(isblank(Q62),"",hyperlink("https://si-digital-framework.org/constants/"&Q62,"SI")) | S62: =sum(T62:Z62) -> 2 | T62: =countif('v2022'!E:E,A62) -> 1 | U62: =countif('v2018'!E:E,A62) -> 1 | V62: =countif('v2014'!E:E,A62) -> 0 | W62: =countif('v2010'!E:E,A62) -> 0 | X62: =countif('v2006'!E:E,A62) -> 0 | Y62: =countif('v2002'!E:E,A62) -> 0 | Z62: =countif('v1998'!E:E,A62) -> 0
A63: inductance90 | B63: ConventionalValueOfHenry90 | C63: =proper(E63) -> Conventional Value Of Henry-90 | D63: =UPPER(LEFT(F63,1))&MID(F63,2,LEN(F63)) -> Valeur conventionnelle de l'henry-90 | E63: conventional value of henry-90 | F63: valeur conventionnelle de l'henry-90 | G63: H | H63: HXC | I63: =if(H63="","", countif(Units!A:A,H63)) -> 1 | J63: ConventionalValueOfHenry90 | K63: =countif(Quantities!A:A,J63) -> 1 | L63: =J63=B63 -> TRUE | N63: =if(isblank(M63),"",hyperlink("https://qudt.org/vocab/constant/"&M63&".html","qudt")) | O63: =not(isblank(M63)) -> FALSE | R63: =if(isblank(Q63),"",hyperlink("https://si-digital-framework.org/constants/"&Q63,"SI")) | S63: =sum(T63:Z63) -> 2 | T63: =countif('v2022'!E:E,A63) -> 1 | U63: =countif('v2018'!E:E,A63) -> 1 | V63: =countif('v2014'!E:E,A63) -> 0 | W63: =countif('v2010'!E:E,A63) -> 0 | X63: =countif('v2006'!E:E,A63) -> 0 | Y63: =countif('v2002'!E:E,A63) -> 0 | Z63: =countif('v1998'!E:E,A63) -> 0
A64: kj90 | B64: ConventionalValueOfJosephsonConstant | C64: =proper(E64) -> Conventional Value Of Josephson Constant | D64: =UPPER(LEFT(F64,1))&MID(F64,2,LEN(F64)) -> Valeur conventionnelle de la constante de Josephson-90 | E64: conventional value of Josephson constant | F64: valeur conventionnelle de la constante de Josephson-90 | G64: Hz V^-1 | H64: Hz_VXC-1 | I64: =if(H64="","", countif(Units!A:A,H64)) -> 1 | J64: ConventionalValueOfJosephsonConstant | K64: =countif(Quantities!A:A,J64) -> 1 | L64: =J64=B64 -> TRUE | M64: ConventionalValueOfJosephsonConstant | N64: =if(isblank(M64),"",hyperlink("https://qudt.org/vocab/constant/"&M64&".html","qudt")) -> qudt | O64: =not(isblank(M64)) -> TRUE | R64: =if(isblank(Q64),"",hyperlink("https://si-digital-framework.org/constants/"&Q64,"SI")) | S64: =sum(T64:Z64) -> 7 | T64: =countif('v2022'!E:E,A64) -> 1 | U64: =countif('v2018'!E:E,A64) -> 1 | V64: =countif('v2014'!E:E,A64) -> 1 | W64: =countif('v2010'!E:E,A64) -> 1 | X64: =countif('v2006'!E:E,A64) -> 1 | Y64: =countif('v2002'!E:E,A64) -> 1 | Z64: =countif('v1998'!E:E,A64) -> 1
A65: ohm90 | B65: ConventionalValueOfOhm90 | C65: =proper(E65) -> Conventional Value Of Ohm-90 | D65: =UPPER(LEFT(F65,1))&MID(F65,2,LEN(F65)) -> Valeur conventionnelle de l'ohm-90 | E65: conventional value of ohm-90 | F65: valeur conventionnelle de l'ohm-90 | G65: ohm | H65: ohmXC | I65: =if(H65="","", countif(Units!A:A,H65)) -> 1 | J65: ConventionalValueOfOhm90 | K65: =countif(Quantities!A:A,J65) -> 1 | L65: =J65=B65 -> TRUE | N65: =if(isblank(M65),"",hyperlink("https://qudt.org/vocab/constant/"&M65&".html","qudt")) | O65: =not(isblank(M65)) -> FALSE | R65: =if(isblank(Q65),"",hyperlink("https://si-digital-framework.org/constants/"&Q65,"SI")) | S65: =sum(T65:Z65) -> 2 | T65: =countif('v2022'!E:E,A65) -> 1 | U65: =countif('v2018'!E:E,A65) -> 1 | V65: =countif('v2014'!E:E,A65) -> 0 | W65: =countif('v2010'!E:E,A65) -> 0 | X65: =countif('v2006'!E:E,A65) -> 0 | Y65: =countif('v2002'!E:E,A65) -> 0 | Z65: =countif('v1998'!E:E,A65) -> 0
A66: volt90 | B66: ConventionalValueOfVolt90 | C66: =proper(E66) -> Conventional Value Of Volt-90 | D66: =UPPER(LEFT(F66,1))&MID(F66,2,LEN(F66)) -> Valeur conventionnelle du volt-90 | E66: conventional value of volt-90 | F66: valeur conventionnelle du volt-90 | G66: V | H66: VXC | I66: =if(H66="","", countif(Units!A:A,H66)) -> 1 | J66: ConventionalValueOfVolt90 | K66: =countif(Quantities!A:A,J66) -> 1 | L66: =J66=B66 -> TRUE | N66: =if(isblank(M66),"",hyperlink("https://qudt.org/vocab/constant/"&M66&".html","qudt")) | O66: =not(isblank(M66)) -> FALSE | R66: =if(isblank(Q66),"",hyperlink("https://si-digital-framework.org/constants/"&Q66,"SI")) | S66: =sum(T66:Z66) -> 2 | T66: =countif('v2022'!E:E,A66) -> 1 | U66: =countif('v2018'!E:E,A66) -> 1 | V66: =countif('v2014'!E:E,A66) -> 0 | W66: =countif('v2010'!E:E,A66) -> 0 | X66: =countif('v2006'!E:E,A66) -> 0 | Y66: =countif('v2002'!E:E,A66) -> 0 | Z66: =countif('v1998'!E:E,A66) -> 0
A67: rk90 | B67: ConventionalValueOfVonKlitzingConstant | C67: =proper(E67) -> Conventional Value Of Von Klitzing Constant | D67: =UPPER(LEFT(F67,1))&MID(F67,2,LEN(F67)) -> Valeur conventionnelle de la constante de Von Klitzing-90 | E67: conventional value of Von Klitzing constant | F67: valeur conventionnelle de la constante de Von Klitzing-90 | G67: ohm | H67: ohmXC | I67: =if(H67="","", countif(Units!A:A,H67)) -> 1 | J67: ConventionalValueOfVonKlitzingConstant | K67: =countif(Quantities!A:A,J67) -> 1 | L67: =J67=B67 -> TRUE | M67: ConventionalValueOfVonKlitzingConstant | N67: =if(isblank(M67),"",hyperlink("https://qudt.org/vocab/constant/"&M67&".html","qudt")) -> qudt | O67: =not(isblank(M67)) -> TRUE | R67: =if(isblank(Q67),"",hyperlink("https://si-digital-framework.org/constants/"&Q67,"SI")) | S67: =sum(T67:Z67) -> 7 | T67: =countif('v2022'!E:E,A67) -> 1 | U67: =countif('v2018'!E:E,A67) -> 1 | V67: =countif('v2014'!E:E,A67) -> 1 | W67: =countif('v2010'!E:E,A67) -> 1 | X67: =countif('v2006'!E:E,A67) -> 1 | Y67: =countif('v2002'!E:E,A67) -> 1 | Z67: =countif('v1998'!E:E,A67) -> 1
A68: power90 | B68: ConventionalValueOfWatt90 | C68: =proper(E68) -> Conventional Value Of Watt-90 | D68: =UPPER(LEFT(F68,1))&MID(F68,2,LEN(F68)) -> Valeur conventionnelle du watt-90 | E68: conventional value of watt-90 | F68: valeur conventionnelle du watt-90 | G68: W | H68: WXC | I68: =if(H68="","", countif(Units!A:A,H68)) -> 1 | J68: ConventionalValueOfWatt90 | K68: =countif(Quantities!A:A,J68) -> 1 | L68: =J68=B68 -> TRUE | N68: =if(isblank(M68),"",hyperlink("https://qudt.org/vocab/constant/"&M68&".html","qudt")) | O68: =not(isblank(M68)) -> FALSE | R68: =if(isblank(Q68),"",hyperlink("https://si-digital-framework.org/constants/"&Q68,"SI")) | S68: =sum(T68:Z68) -> 2 | T68: =countif('v2022'!E:E,A68) -> 1 | U68: =countif('v2018'!E:E,A68) -> 1 | V68: =countif('v2014'!E:E,A68) -> 0 | W68: =countif('v2010'!E:E,A68) -> 0 | X68: =countif('v2006'!E:E,A68) -> 0 | Y68: =countif('v2002'!E:E,A68) -> 0 | Z68: =countif('v1998'!E:E,A68) -> 0
A69: xucukalph1 | B69: CuXUnit | C69: =proper(E69) -> Copper X Unit | D69: =UPPER(LEFT(F69,1))&MID(F69,2,LEN(F69)) -> Unité x du Cuivre | E69: Copper x unit | F69: unité x du Cuivre | G69: m | H69: =if(ISBLANK(G69),"",SUBSTITUTE(SUBSTITUTE(G69,"^","")," ","_")) -> m | I69: =if(H69="","", countif(Units!A:A,H69)) -> 1 | J69: CuXUnit | K69: =countif(Quantities!A:A,J69) -> 1 | L69: =J69=B69 -> TRUE | M69: CuXUnit | N69: =if(isblank(M69),"",hyperlink("https://qudt.org/vocab/constant/"&M69&".html","qudt")) -> qudt | O69: =not(isblank(M69)) -> TRUE | R69: =if(isblank(Q69),"",hyperlink("https://si-digital-framework.org/constants/"&Q69,"SI")) | S69: =sum(T69:Z69) -> 7 | T69: =countif('v2022'!E:E,A69) -> 1 | U69: =countif('v2018'!E:E,A69) -> 1 | V69: =countif('v2014'!E:E,A69) -> 1 | W69: =countif('v2010'!E:E,A69) -> 1 | X69: =countif('v2006'!E:E,A69) -> 1 | Y69: =countif('v2002'!E:E,A69) -> 1 | Z69: =countif('v1998'!E:E,A69) -> 1
A70: mudsmuem | B70: DeuteronElectronMagneticMomentRatio | C70: =proper(E70) -> Deuteron - Electron Magnetic Moment Ratio | D70: =UPPER(LEFT(F70,1))&MID(F70,2,LEN(F70)) -> Rapport du moment magnétique du deutéron à celui de l'électron | E70: deuteron - electron magnetic moment ratio | F70: rapport du moment magnétique du deutéron à celui de l'électron | H70: =if(ISBLANK(G70),"",SUBSTITUTE(SUBSTITUTE(G70,"^","")," ","_")) | I70: =if(H70="","", countif(Units!A:A,H70)) | J70: DeuteronElectronMagneticMomentRatio | K70: =countif(Quantities!A:A,J70) -> 1 | L70: =J70=B70 -> TRUE | M70: DeuteronElectronMagneticMomentRatio | N70: =if(isblank(M70),"",hyperlink("https://qudt.org/vocab/constant/"&M70&".html","qudt")) -> qudt | O70: =not(isblank(M70)) -> TRUE | R70: =if(isblank(Q70),"",hyperlink("https://si-digital-framework.org/constants/"&Q70,"SI")) | S70: =sum(T70:Z70) -> 7 | T70: =countif('v2022'!E:E,A70) -> 1 | U70: =countif('v2018'!E:E,A70) -> 1 | V70: =countif('v2014'!E:E,A70) -> 1 | W70: =countif('v2010'!E:E,A70) -> 1 | X70: =countif('v2006'!E:E,A70) -> 1 | Y70: =countif('v2002'!E:E,A70) -> 1 | Z70: =countif('v1998'!E:E,A70) -> 1
A71: mdsme | B71: DeuteronElectronMassRatio | C71: =proper(E71) -> Deuteron - Electron Mass Ratio | D71: =UPPER(LEFT(F71,1))&MID(F71,2,LEN(F71)) -> Rapport de la masse du deutéron à celle de l'électron | E71: deuteron - electron mass ratio | F71: rapport de la masse du deutéron à celle de l'électron | H71: =if(ISBLANK(G71),"",SUBSTITUTE(SUBSTITUTE(G71,"^","")," ","_")) | I71: =if(H71="","", countif(Units!A:A,H71)) | J71: DeuteronElectronMassRatio | K71: =countif(Quantities!A:A,J71) -> 1 | L71: =J71=B71 -> TRUE | M71: DeuteronElectronMassRatio | N71: =if(isblank(M71),"",hyperlink("https://qudt.org/vocab/constant/"&M71&".html","qudt")) -> qudt | O71: =not(isblank(M71)) -> TRUE | R71: =if(isblank(Q71),"",hyperlink("https://si-digital-framework.org/constants/"&Q71,"SI")) | S71: =sum(T71:Z71) -> 7 | T71: =countif('v2022'!E:E,A71) -> 1 | U71: =countif('v2018'!E:E,A71) -> 1 | V71: =countif('v2014'!E:E,A71) -> 1 | W71: =countif('v2010'!E:E,A71) -> 1 | X71: =countif('v2006'!E:E,A71) -> 1 | Y71: =countif('v2002'!E:E,A71) -> 1 | Z71: =countif('v1998'!E:E,A71) -> 1
A72: gdn | B72: DeuteronGFactor | C72: =proper(E72) -> Deuteron G Factor | D72: =UPPER(LEFT(F72,1))&MID(F72,2,LEN(F72)) -> Facteur de Landé du deutéron | E72: deuteron g factor | F72: facteur de Landé du deutéron | H72: =if(ISBLANK(G72),"",SUBSTITUTE(SUBSTITUTE(G72,"^","")," ","_")) | I72: =if(H72="","", countif(Units!A:A,H72)) | J72: DeuteronGFactor | K72: =countif(Quantities!A:A,J72) -> 1 | L72: =J72=B72 -> TRUE | M72: DeuteronGFactor | N72: =if(isblank(M72),"",hyperlink("https://qudt.org/vocab/constant/"&M72&".html","qudt")) -> qudt | O72: =not(isblank(M72)) -> TRUE | R72: =if(isblank(Q72),"",hyperlink("https://si-digital-framework.org/constants/"&Q72,"SI")) | S72: =sum(T72:Z72) -> 5 | T72: =countif('v2022'!E:E,A72) -> 1 | U72: =countif('v2018'!E:E,A72) -> 1 | V72: =countif('v2014'!E:E,A72) -> 1 | W72: =countif('v2010'!E:E,A72) -> 1 | X72: =countif('v2006'!E:E,A72) -> 1 | Y72: =countif('v2002'!E:E,A72) -> 0 | Z72: =countif('v1998'!E:E,A72) -> 0
A73: mud | B73: DeuteronMagneticMoment | C73: =proper(E73) -> Deuteron Magnetic Moment | D73: =UPPER(LEFT(F73,1))&MID(F73,2,LEN(F73)) -> Moment magnétique du deutéron | E73: deuteron magnetic moment | F73: moment magnétique du deutéron | G73: J T^-1 | H73: =if(ISBLANK(G73),"",SUBSTITUTE(SUBSTITUTE(G73,"^","")," ","_")) -> J_T-1 | I73: =if(H73="","", countif(Units!A:A,H73)) -> 1 | J73: DeuteronMagneticMoment | K73: =countif(Quantities!A:A,J73) -> 1 | L73: =J73=B73 -> TRUE | M73: DeuteronMagneticMoment | N73: =if(isblank(M73),"",hyperlink("https://qudt.org/vocab/constant/"&M73&".html","qudt")) -> qudt | O73: =not(isblank(M73)) -> TRUE | R73: =if(isblank(Q73),"",hyperlink("https://si-digital-framework.org/constants/"&Q73,"SI")) | S73: =sum(T73:Z73) -> 7 | T73: =countif('v2022'!E:E,A73) -> 1 | U73: =countif('v2018'!E:E,A73) -> 1 | V73: =countif('v2014'!E:E,A73) -> 1 | W73: =countif('v2010'!E:E,A73) -> 1 | X73: =countif('v2006'!E:E,A73) -> 1 | Y73: =countif('v2002'!E:E,A73) -> 1 | Z73: =countif('v1998'!E:E,A73) -> 1
A74: mudsmub | B74: DeuteronMagneticMomentToBohrMagnetonRatio | C74: =proper(E74) -> Deuteron Magnetic Moment To Bohr Magneton Ratio | D74: =UPPER(LEFT(F74,1))&MID(F74,2,LEN(F74)) -> Rapport du moment magnétique du deutéron au magnéton de Bohr électronique | E74: deuteron magnetic moment to Bohr magneton ratio | F74: rapport du moment magnétique du deutéron au magnéton de Bohr électronique | H74: =if(ISBLANK(G74),"",SUBSTITUTE(SUBSTITUTE(G74,"^","")," ","_")) | I74: =if(H74="","", countif(Units!A:A,H74)) | J74: DeuteronMagneticMomentToBohrMagnetonRatio | K74: =countif(Quantities!A:A,J74) -> 1 | L74: =J74=B74 -> TRUE | M74: DeuteronMagneticMomentToBohrMagnetonRatio | N74: =if(isblank(M74),"",hyperlink("https://qudt.org/vocab/constant/"&M74&".html","qudt")) -> qudt | O74: =not(isblank(M74)) -> TRUE | R74: =if(isblank(Q74),"",hyperlink("https://si-digital-framework.org/constants/"&Q74,"SI")) | S74: =sum(T74:Z74) -> 7 | T74: =countif('v2022'!E:E,A74) -> 1 | U74: =countif('v2018'!E:E,A74) -> 1 | V74: =countif('v2014'!E:E,A74) -> 1 | W74: =countif('v2010'!E:E,A74) -> 1 | X74: =countif('v2006'!E:E,A74) -> 1 | Y74: =countif('v2002'!E:E,A74) -> 1 | Z74: =countif('v1998'!E:E,A74) -> 1
A75: mudsmun | B75: DeuteronMagneticMomentToNuclearMagnetonRatio | C75: =proper(E75) -> Deuteron Magnetic Moment To Nuclear Magneton Ratio | D75: =UPPER(LEFT(F75,1))&MID(F75,2,LEN(F75)) -> Rapport du moment magnétique du deutéron au magnéton de Bohr nucléaire | E75: deuteron magnetic moment to nuclear magneton ratio | F75: rapport du moment magnétique du deutéron au magnéton de Bohr nucléaire | H75: =if(ISBLANK(G75),"",SUBSTITUTE(SUBSTITUTE(G75,"^","")," ","_")) | I75: =if(H75="","", countif(Units!A:A,H75)) | J75: DeuteronMagneticMomentToNuclearMagnetonRatio | K75: =countif(Quantities!A:A,J75) -> 1 | L75: =J75=B75 -> TRUE | M75: DeuteronMagneticMomentToNuclearMagnetonRatio | N75: =if(isblank(M75),"",hyperlink("https://qudt.org/vocab/constant/"&M75&".html","qudt")) -> qudt | O75: =not(isblank(M75)) -> TRUE | R75: =if(isblank(Q75),"",hyperlink("https://si-digital-framework.org/constants/"&Q75,"SI")) | S75: =sum(T75:Z75) -> 7 | T75: =countif('v2022'!E:E,A75) -> 1 | U75: =countif('v2018'!E:E,A75) -> 1 | V75: =countif('v2014'!E:E,A75) -> 1 | W75: =countif('v2010'!E:E,A75) -> 1 | X75: =countif('v2006'!E:E,A75) -> 1 | Y75: =countif('v2002'!E:E,A75) -> 1 | Z75: =countif('v1998'!E:E,A75) -> 1
A76: md | B76: DeuteronMass | C76: =proper(E76) -> Deuteron Mass | D76: =UPPER(LEFT(F76,1))&MID(F76,2,LEN(F76)) -> Masse du deutéron | E76: deuteron mass | F76: masse du deutéron | G76: kg | H76: =if(ISBLANK(G76),"",SUBSTITUTE(SUBSTITUTE(G76,"^","")," ","_")) -> kg | I76: =if(H76="","", countif(Units!A:A,H76)) -> 1 | J76: DeuteronMass | K76: =countif(Quantities!A:A,J76) -> 1 | L76: =J76=B76 -> TRUE | M76: DeuteronMass | N76: =if(isblank(M76),"",hyperlink("https://qudt.org/vocab/constant/"&M76&".html","qudt")) -> qudt | O76: =not(isblank(M76)) -> TRUE | R76: =if(isblank(Q76),"",hyperlink("https://si-digital-framework.org/constants/"&Q76,"SI")) | S76: =sum(T76:Z76) -> 7 | T76: =countif('v2022'!E:E,A76) -> 1 | U76: =countif('v2018'!E:E,A76) -> 1 | V76: =countif('v2014'!E:E,A76) -> 1 | W76: =countif('v2010'!E:E,A76) -> 1 | X76: =countif('v2006'!E:E,A76) -> 1 | Y76: =countif('v2002'!E:E,A76) -> 1 | Z76: =countif('v1998'!E:E,A76) -> 1
A77: mdc2 | B77: DeuteronMassEnergyEquivalent | C77: =proper(E77) -> Deuteron Mass Energy Equivalent | D77: =UPPER(LEFT(F77,1))&MID(F77,2,LEN(F77)) -> Énergie de masse du deutéron | E77: deuteron mass energy equivalent | F77: énergie de masse du deutéron | G77: J | H77: =if(ISBLANK(G77),"",SUBSTITUTE(SUBSTITUTE(G77,"^","")," ","_")) -> J | I77: =if(H77="","", countif(Units!A:A,H77)) -> 1 | J77: DeuteronMassEnergyEquivalent | K77: =countif(Quantities!A:A,J77) -> 1 | L77: =J77=B77 -> TRUE | M77: DeuteronMassEnergyEquivalent | N77: =if(isblank(M77),"",hyperlink("https://qudt.org/vocab/constant/"&M77&".html","qudt")) -> qudt | O77: =not(isblank(M77)) -> TRUE | R77: =if(isblank(Q77),"",hyperlink("https://si-digital-framework.org/constants/"&Q77,"SI")) | S77: =sum(T77:Z77) -> 7 | T77: =countif('v2022'!E:E,A77) -> 1 | U77: =countif('v2018'!E:E,A77) -> 1 | V77: =countif('v2014'!E:E,A77) -> 1 | W77: =countif('v2010'!E:E,A77) -> 1 | X77: =countif('v2006'!E:E,A77) -> 1 | Y77: =countif('v2002'!E:E,A77) -> 1 | Z77: =countif('v1998'!E:E,A77) -> 1
A78: mdc2mev | B78: DeuteronMassEnergyEquivalentInMeV | C78: Deuteron Mass Energy Equivalent In MeV | D78: =UPPER(LEFT(F78,1))&MID(F78,2,LEN(F78)) -> Énergie de masse du deutéron en MeV | E78: deuteron mass energy equivalent in MeV | F78: énergie de masse du deutéron en MeV | G78: MeV | H78: =if(ISBLANK(G78),"",SUBSTITUTE(SUBSTITUTE(G78,"^","")," ","_")) -> MeV | I78: =if(H78="","", countif(Units!A:A,H78)) -> 1 | J78: DeuteronMass | K78: =countif(Quantities!A:A,J78) -> 1 | L78: =J78=B78 -> FALSE | M78: DeuteronMassEnergyEquivalentInMeV | N78: =if(isblank(M78),"",hyperlink("https://qudt.org/vocab/constant/"&M78&".html","qudt")) -> qudt | O78: =not(isblank(M78)) -> TRUE | R78: =if(isblank(Q78),"",hyperlink("https://si-digital-framework.org/constants/"&Q78,"SI")) | S78: =sum(T78:Z78) -> 7 | T78: =countif('v2022'!E:E,A78) -> 1 | U78: =countif('v2018'!E:E,A78) -> 1 | V78: =countif('v2014'!E:E,A78) -> 1 | W78: =countif('v2010'!E:E,A78) -> 1 | X78: =countif('v2006'!E:E,A78) -> 1 | Y78: =countif('v2002'!E:E,A78) -> 1 | Z78: =countif('v1998'!E:E,A78) -> 1
A79: mdu | B79: DeuteronMassInAtomicMassUnit | C79: =proper(E79) -> Deuteron Mass In U | D79: =UPPER(LEFT(F79,1))&MID(F79,2,LEN(F79)) -> Masse du deutéron en u | E79: deuteron mass in u | F79: masse du deutéron en u | G79: u | H79: =if(ISBLANK(G79),"",SUBSTITUTE(SUBSTITUTE(G79,"^","")," ","_")) -> u | I79: =if(H79="","", countif(Units!A:A,H79)) -> 1 | J79: DeuteronMass | K79: =countif(Quantities!A:A,J79) -> 1 | L79: =J79=B79 -> FALSE | M79: DeuteronMassInAtomicMassUnit | N79: =if(isblank(M79),"",hyperlink("https://qudt.org/vocab/constant/"&M79&".html","qudt")) -> qudt | O79: =not(isblank(M79)) -> TRUE | R79: =if(isblank(Q79),"",hyperlink("https://si-digital-framework.org/constants/"&Q79,"SI")) | S79: =sum(T79:Z79) -> 7 | T79: =countif('v2022'!E:E,A79) -> 1 | U79: =countif('v2018'!E:E,A79) -> 1 | V79: =countif('v2014'!E:E,A79) -> 1 | W79: =countif('v2010'!E:E,A79) -> 1 | X79: =countif('v2006'!E:E,A79) -> 1 | Y79: =countif('v2002'!E:E,A79) -> 1 | Z79: =countif('v1998'!E:E,A79) -> 1
A80: mmd | B80: DeuteronMolarMass | C80: =proper(E80) -> Deuteron Molar Mass | D80: =UPPER(LEFT(F80,1))&MID(F80,2,LEN(F80)) -> Masse molaire du deutéron | E80: deuteron molar mass | F80: masse molaire du deutéron | G80: kg mol^-1 | H80: =if(ISBLANK(G80),"",SUBSTITUTE(SUBSTITUTE(G80,"^","")," ","_")) -> kg_mol-1 | I80: =if(H80="","", countif(Units!A:A,H80)) -> 1 | J80: DeuteronMolarMass | K80: =countif(Quantities!A:A,J80) -> 1 | L80: =J80=B80 -> TRUE | M80: DeuteronMolarMass | N80: =if(isblank(M80),"",hyperlink("https://qudt.org/vocab/constant/"&M80&".html","qudt")) -> qudt | O80: =not(isblank(M80)) -> TRUE | R80: =if(isblank(Q80),"",hyperlink("https://si-digital-framework.org/constants/"&Q80,"SI")) | S80: =sum(T80:Z80) -> 7 | T80: =countif('v2022'!E:E,A80) -> 1 | U80: =countif('v2018'!E:E,A80) -> 1 | V80: =countif('v2014'!E:E,A80) -> 1 | W80: =countif('v2010'!E:E,A80) -> 1 | X80: =countif('v2006'!E:E,A80) -> 1 | Y80: =countif('v2002'!E:E,A80) -> 1 | Z80: =countif('v1998'!E:E,A80) -> 1
A81: mudsmunn | B81: DeuteronNeutronMagneticMomentRatio | C81: =proper(E81) -> Deuteron - Neutron Magnetic Moment Ratio | D81: =UPPER(LEFT(F81,1))&MID(F81,2,LEN(F81)) -> Rapport du moment magnétique du deutéron à celui du neutron | E81: deuteron - neutron magnetic moment ratio | F81: rapport du moment magnétique du deutéron à celui du neutron | H81: =if(ISBLANK(G81),"",SUBSTITUTE(SUBSTITUTE(G81,"^","")," ","_")) | I81: =if(H81="","", countif(Units!A:A,H81)) | J81: DeuteronNeutronMagneticMomentRatio | K81: =countif(Quantities!A:A,J81) -> 1 | L81: =J81=B81 -> TRUE | M81: DeuteronNeutronMagneticMomentRatio | N81: =if(isblank(M81),"",hyperlink("https://qudt.org/vocab/constant/"&M81&".html","qudt")) -> qudt | O81: =not(isblank(M81)) -> TRUE | R81: =if(isblank(Q81),"",hyperlink("https://si-digital-framework.org/constants/"&Q81,"SI")) | S81: =sum(T81:Z81) -> 7 | T81: =countif('v2022'!E:E,A81) -> 1 | U81: =countif('v2018'!E:E,A81) -> 1 | V81: =countif('v2014'!E:E,A81) -> 1 | W81: =countif('v2010'!E:E,A81) -> 1 | X81: =countif('v2006'!E:E,A81) -> 1 | Y81: =countif('v2002'!E:E,A81) -> 1 | Z81: =countif('v1998'!E:E,A81) -> 1
A82: mudsmup | B82: DeuteronProtonMagneticMomentRatio | C82: =proper(E82) -> Deuteron - Proton Magnetic Moment Ratio | D82: =UPPER(LEFT(F82,1))&MID(F82,2,LEN(F82)) -> Rapport du moment magnétique du deutéron à celui du proton | E82: deuteron - proton magnetic moment ratio | F82: rapport du moment magnétique du deutéron à celui du proton | H82: =if(ISBLANK(G82),"",SUBSTITUTE(SUBSTITUTE(G82,"^","")," ","_")) | I82: =if(H82="","", countif(Units!A:A,H82)) | J82: DeuteronProtonMagneticMomentRatio | K82: =countif(Quantities!A:A,J82) -> 1 | L82: =J82=B82 -> TRUE | M82: DeuteronProtonMagneticMomentRatio | N82: =if(isblank(M82),"",hyperlink("https://qudt.org/vocab/constant/"&M82&".html","qudt")) -> qudt | O82: =not(isblank(M82)) -> TRUE | R82: =if(isblank(Q82),"",hyperlink("https://si-digital-framework.org/constants/"&Q82,"SI")) | S82: =sum(T82:Z82) -> 7 | T82: =countif('v2022'!E:E,A82) -> 1 | U82: =countif('v2018'!E:E,A82) -> 1 | V82: =countif('v2014'!E:E,A82) -> 1 | W82: =countif('v2010'!E:E,A82) -> 1 | X82: =countif('v2006'!E:E,A82) -> 1 | Y82: =countif('v2002'!E:E,A82) -> 1 | Z82: =countif('v1998'!E:E,A82) -> 1
A83: mdsmp | B83: DeuteronProtonMassRatio | C83: =proper(E83) -> Deuteron - Proton Mass Ratio | D83: =UPPER(LEFT(F83,1))&MID(F83,2,LEN(F83)) -> Rapport de la masse du deutéron à celle du proton | E83: deuteron - proton mass ratio | F83: rapport de la masse du deutéron à celle du proton | H83: =if(ISBLANK(G83),"",SUBSTITUTE(SUBSTITUTE(G83,"^","")," ","_")) | I83: =if(H83="","", countif(Units!A:A,H83)) | J83: DeuteronProtonMassRatio | K83: =countif(Quantities!A:A,J83) -> 1 | L83: =J83=B83 -> TRUE | M83: DeuteronProtonMassRatio | N83: =if(isblank(M83),"",hyperlink("https://qudt.org/vocab/constant/"&M83&".html","qudt")) -> qudt | O83: =not(isblank(M83)) -> TRUE | R83: =if(isblank(Q83),"",hyperlink("https://si-digital-framework.org/constants/"&Q83,"SI")) | S83: =sum(T83:Z83) -> 7 | T83: =countif('v2022'!E:E,A83) -> 1 | U83: =countif('v2018'!E:E,A83) -> 1 | V83: =countif('v2014'!E:E,A83) -> 1 | W83: =countif('v2010'!E:E,A83) -> 1 | X83: =countif('v2006'!E:E,A83) -> 1 | Y83: =countif('v2002'!E:E,A83) -> 1 | Z83: =countif('v1998'!E:E,A83) -> 1
A84: ard | B84: DeuteronRelativeAtomicMass | C84: =proper(E84) -> Deuteron Relative Atomic Mass | D84: =UPPER(LEFT(F84,1))&MID(F84,2,LEN(F84)) -> Masse atomique relative du deutéron | E84: deuteron relative atomic mass | F84: masse atomique relative du deutéron | H84: =if(ISBLANK(G84),"",SUBSTITUTE(SUBSTITUTE(G84,"^","")," ","_")) | I84: =if(H84="","", countif(Units!A:A,H84)) | J84: DeuteronRelativeAtomicMass | K84: =countif(Quantities!A:A,J84) -> 1 | L84: =J84=B84 -> TRUE | N84: =if(isblank(M84),"",hyperlink("https://qudt.org/vocab/constant/"&M84&".html","qudt")) | O84: =not(isblank(M84)) -> FALSE | R84: =if(isblank(Q84),"",hyperlink("https://si-digital-framework.org/constants/"&Q84,"SI")) | S84: =sum(T84:Z84) -> 2 | T84: =countif('v2022'!E:E,A84) -> 1 | U84: =countif('v2018'!E:E,A84) -> 1 | V84: =countif('v2014'!E:E,A84) -> 0 | W84: =countif('v2010'!E:E,A84) -> 0 | X84: =countif('v2006'!E:E,A84) -> 0 | Y84: =countif('v2002'!E:E,A84) -> 0 | Z84: =countif('v1998'!E:E,A84) -> 0
A85: rd | B85: DeuteronRmsChargeRadius | C85: =proper(E85) -> Deuteron Rms Charge Radius | D85: =UPPER(LEFT(F85,1))&MID(F85,2,LEN(F85)) -> Rayon de charge effectif du deutéron | E85: deuteron rms charge radius | F85: rayon de charge effectif du deutéron | G85: m | H85: =if(ISBLANK(G85),"",SUBSTITUTE(SUBSTITUTE(G85,"^","")," ","_")) -> m | I85: =if(H85="","", countif(Units!A:A,H85)) -> 1 | J85: DeuteronRmsChargeRadius | K85: =countif(Quantities!A:A,J85) -> 1 | L85: =J85=B85 -> TRUE | M85: DeuteronRmsChargeRadius | N85: =if(isblank(M85),"",hyperlink("https://qudt.org/vocab/constant/"&M85&".html","qudt")) -> qudt | O85: =not(isblank(M85)) -> TRUE | R85: =if(isblank(Q85),"",hyperlink("https://si-digital-framework.org/constants/"&Q85,"SI")) | S85: =sum(T85:Z85) -> 6 | T85: =countif('v2022'!E:E,A85) -> 1 | U85: =countif('v2018'!E:E,A85) -> 1 | V85: =countif('v2014'!E:E,A85) -> 1 | W85: =countif('v2010'!E:E,A85) -> 1 | X85: =countif('v2006'!E:E,A85) -> 1 | Y85: =countif('v2002'!E:E,A85) -> 1 | Z85: =countif('v1998'!E:E,A85) -> 0
A86: esme | B86: ElectronChargeToMassQuotient | C86: =proper(E86) -> Electron Charge To Mass Quotient | D86: =UPPER(LEFT(F86,1))&MID(F86,2,LEN(F86)) -> Rapport de la charge à la masse de l'électron | E86: electron charge to mass quotient | F86: rapport de la charge à la masse de l'électron | G86: C kg^-1 | H86: =if(ISBLANK(G86),"",SUBSTITUTE(SUBSTITUTE(G86,"^","")," ","_")) -> C_kg-1 | I86: =if(H86="","", countif(Units!A:A,H86)) -> 1 | J86: ElectronChargeToMassQuotient | K86: =countif(Quantities!A:A,J86) -> 1 | L86: =J86=B86 -> TRUE | M86: ElectronChargeToMassQuotient | N86: =if(isblank(M86),"",hyperlink("https://qudt.org/vocab/constant/"&M86&".html","qudt")) -> qudt | O86: =not(isblank(M86)) -> TRUE | R86: =if(isblank(Q86),"",hyperlink("https://si-digital-framework.org/constants/"&Q86,"SI")) | S86: =sum(T86:Z86) -> 7 | T86: =countif('v2022'!E:E,A86) -> 1 | U86: =countif('v2018'!E:E,A86) -> 1 | V86: =countif('v2014'!E:E,A86) -> 1 | W86: =countif('v2010'!E:E,A86) -> 1 | X86: =countif('v2006'!E:E,A86) -> 1 | Y86: =countif('v2002'!E:E,A86) -> 1 | Z86: =countif('v1998'!E:E,A86) -> 1
A87: muemsmud | B87: ElectronDeuteronMagneticMomentRatio | C87: =proper(E87) -> Electron - Deuteron Magnetic Moment Ratio | D87: =UPPER(LEFT(F87,1))&MID(F87,2,LEN(F87)) -> Rapport du moment magnétique de l'électron à celui du proton | E87: electron - deuteron magnetic moment ratio | F87: rapport du moment magnétique de l'électron à celui du proton | H87: =if(ISBLANK(G87),"",SUBSTITUTE(SUBSTITUTE(G87,"^","")," ","_")) | I87: =if(H87="","", countif(Units!A:A,H87)) | J87: ElectronDeuteronMagneticMomentRatio | K87: =countif(Quantities!A:A,J87) -> 1 | L87: =J87=B87 -> TRUE | M87: ElectronDeuteronMagneticMomentRatio | N87: =if(isblank(M87),"",hyperlink("https://qudt.org/vocab/constant/"&M87&".html","qudt")) -> qudt | O87: =not(isblank(M87)) -> TRUE | R87: =if(isblank(Q87),"",hyperlink("https://si-digital-framework.org/constants/"&Q87,"SI")) | S87: =sum(T87:Z87) -> 7 | T87: =countif('v2022'!E:E,A87) -> 1 | U87: =countif('v2018'!E:E,A87) -> 1 | V87: =countif('v2014'!E:E,A87) -> 1 | W87: =countif('v2010'!E:E,A87) -> 1 | X87: =countif('v2006'!E:E,A87) -> 1 | Y87: =countif('v2002'!E:E,A87) -> 1 | Z87: =countif('v1998'!E:E,A87) -> 1
A88: mesmd | B88: ElectronDeuteronMassRatio | C88: =proper(E88) -> Electron - Deuteron Mass Ratio | D88: =UPPER(LEFT(F88,1))&MID(F88,2,LEN(F88)) -> Rapport de la masse de l'électron à celle du deutéron | E88: electron - deuteron mass ratio | F88: rapport de la masse de l'électron à celle du deutéron | H88: =if(ISBLANK(G88),"",SUBSTITUTE(SUBSTITUTE(G88,"^","")," ","_")) | I88: =if(H88="","", countif(Units!A:A,H88)) | J88: ElectronDeuteronMassRatio | K88: =countif(Quantities!A:A,J88) -> 1 | L88: =J88=B88 -> TRUE | M88: ElectronDeuteronMassRatio | N88: =if(isblank(M88),"",hyperlink("https://qudt.org/vocab/constant/"&M88&".html","qudt")) -> qudt | O88: =not(isblank(M88)) -> TRUE | R88: =if(isblank(Q88),"",hyperlink("https://si-digital-framework.org/constants/"&Q88,"SI")) | S88: =sum(T88:Z88) -> 7 | T88: =countif('v2022'!E:E,A88) -> 1 | U88: =countif('v2018'!E:E,A88) -> 1 | V88: =countif('v2014'!E:E,A88) -> 1 | W88: =countif('v2010'!E:E,A88) -> 1 | X88: =countif('v2006'!E:E,A88) -> 1 | Y88: =countif('v2002'!E:E,A88) -> 1 | Z88: =countif('v1998'!E:E,A88) -> 1
A89: gem | B89: ElectronGFactor | C89: =proper(E89) -> Electron G Factor | D89: =UPPER(LEFT(F89,1))&MID(F89,2,LEN(F89)) -> Facteur de landé de l'électron | E89: electron g factor | F89: facteur de landé de l'électron | H89: =if(ISBLANK(G89),"",SUBSTITUTE(SUBSTITUTE(G89,"^","")," ","_")) | I89: =if(H89="","", countif(Units!A:A,H89)) | J89: ElectronGFactor | K89: =countif(Quantities!A:A,J89) -> 1 | L89: =J89=B89 -> TRUE | M89: ElectronGFactor | N89: =if(isblank(M89),"",hyperlink("https://qudt.org/vocab/constant/"&M89&".html","qudt")) -> qudt | O89: =not(isblank(M89)) -> TRUE | R89: =if(isblank(Q89),"",hyperlink("https://si-digital-framework.org/constants/"&Q89,"SI")) | S89: =sum(T89:Z89) -> 7 | T89: =countif('v2022'!E:E,A89) -> 1 | U89: =countif('v2018'!E:E,A89) -> 1 | V89: =countif('v2014'!E:E,A89) -> 1 | W89: =countif('v2010'!E:E,A89) -> 1 | X89: =countif('v2006'!E:E,A89) -> 1 | Y89: =countif('v2002'!E:E,A89) -> 1 | Z89: =countif('v1998'!E:E,A89) -> 1
A90: gammae | B90: ElectronGyromagneticRatio | C90: =proper(E90) -> Electron Gyromagnetic Ratio | D90: =UPPER(LEFT(F90,1))&MID(F90,2,LEN(F90)) -> Rapport gyromagnétique de l'électron | E90: electron gyromagnetic ratio | F90: rapport gyromagnétique de l'électron | G90: s^-1 T^-1 | H90: =if(ISBLANK(G90),"",SUBSTITUTE(SUBSTITUTE(G90,"^","")," ","_")) -> s-1_T-1 | I90: =if(H90="","", countif(Units!A:A,H90)) -> 1 | J90: ElectronGyromagneticRatio | K90: =countif(Quantities!A:A,J90) -> 1 | L90: =J90=B90 -> TRUE | M90: ElectronGyromagneticRatio | N90: =if(isblank(M90),"",hyperlink("https://qudt.org/vocab/constant/"&M90&".html","qudt")) -> qudt | O90: =not(isblank(M90)) -> TRUE | R90: =if(isblank(Q90),"",hyperlink("https://si-digital-framework.org/constants/"&Q90,"SI")) | S90: =sum(T90:Z90) -> 7 | T90: =countif('v2022'!E:E,A90) -> 1 | U90: =countif('v2018'!E:E,A90) -> 1 | V90: =countif('v2014'!E:E,A90) -> 1 | W90: =countif('v2010'!E:E,A90) -> 1 | X90: =countif('v2006'!E:E,A90) -> 1 | Y90: =countif('v2002'!E:E,A90) -> 1 | Z90: =countif('v1998'!E:E,A90) -> 1
A91: gammaebar | B91: ElectronGyromagneticRatioOver2Pi | C91: =proper(E91) -> Electron Gyromagnetic Ratio Over 2 Pi | D91: =UPPER(LEFT(F91,1))&MID(F91,2,LEN(F91)) -> Rapport gyromagnétique réduit de l'électron | E91: electron gyromagnetic ratio over 2 pi | F91: rapport gyromagnétique réduit de l'électron | G91: MHz T^-1 | H91: =if(ISBLANK(G91),"",SUBSTITUTE(SUBSTITUTE(G91,"^","")," ","_")) -> MHz_T-1 | I91: =if(H91="","", countif(Units!A:A,H91)) -> 1 | J91: ElectronGyromagneticRatio | K91: =countif(Quantities!A:A,J91) -> 1 | L91: =J91=B91 -> FALSE | M91: ElectronGyromagneticRatioOver2Pi | N91: =if(isblank(M91),"",hyperlink("https://qudt.org/vocab/constant/"&M91&".html","qudt")) -> qudt | O91: =not(isblank(M91)) -> TRUE | R91: =if(isblank(Q91),"",hyperlink("https://si-digital-framework.org/constants/"&Q91,"SI")) | S91: =sum(T91:Z91) -> 7 | T91: =countif('v2022'!E:E,A91) -> 1 | U91: =countif('v2018'!E:E,A91) -> 1 | V91: =countif('v2014'!E:E,A91) -> 1 | W91: =countif('v2010'!E:E,A91) -> 1 | X91: =countif('v2006'!E:E,A91) -> 1 | Y91: =countif('v2002'!E:E,A91) -> 1 | Z91: =countif('v1998'!E:E,A91) -> 1
A92: mesmh | B92: ElectronHelionMassRatio | C92: =proper(E92) -> Electron - Helion Mass Ratio | D92: =UPPER(LEFT(F92,1))&MID(F92,2,LEN(F92)) -> Rapport de la masse de l'hélion à celle de l'électron | E92: electron - helion mass ratio | F92: rapport de la masse de l'hélion à celle de l'électron | H92: =if(ISBLANK(G92),"",SUBSTITUTE(SUBSTITUTE(G92,"^","")," ","_")) | I92: =if(H92="","", countif(Units!A:A,H92)) | J92: ElectronHelionMassRatio | K92: =countif(Quantities!A:A,J92) -> 1 | L92: =J92=B92 -> TRUE | N92: =if(isblank(M92),"",hyperlink("https://qudt.org/vocab/constant/"&M92&".html","qudt")) | O92: =not(isblank(M92)) -> FALSE | R92: =if(isblank(Q92),"",hyperlink("https://si-digital-framework.org/constants/"&Q92,"SI")) | S92: =sum(T92:Z92) -> 4 | T92: =countif('v2022'!E:E,A92) -> 1 | U92: =countif('v2018'!E:E,A92) -> 1 | V92: =countif('v2014'!E:E,A92) -> 1 | W92: =countif('v2010'!E:E,A92) -> 1 | X92: =countif('v2006'!E:E,A92) -> 0 | Y92: =countif('v2002'!E:E,A92) -> 0 | Z92: =countif('v1998'!E:E,A92) -> 0
A93: muem | B93: ElectronMagneticMoment | C93: =proper(E93) -> Electron Magnetic Moment | D93: =UPPER(LEFT(F93,1))&MID(F93,2,LEN(F93)) -> Moment magnétique de l'électron | E93: electron magnetic moment | F93: moment magnétique de l'électron | G93: J T^-1 | H93: =if(ISBLANK(G93),"",SUBSTITUTE(SUBSTITUTE(G93,"^","")," ","_")) -> J_T-1 | I93: =if(H93="","", countif(Units!A:A,H93)) -> 1 | J93: ElectronMagneticMoment | K93: =countif(Quantities!A:A,J93) -> 1 | L93: =J93=B93 -> TRUE | M93: ElectronMagneticMoment | N93: =if(isblank(M93),"",hyperlink("https://qudt.org/vocab/constant/"&M93&".html","qudt")) -> qudt | O93: =not(isblank(M93)) -> TRUE | R93: =if(isblank(Q93),"",hyperlink("https://si-digital-framework.org/constants/"&Q93,"SI")) | S93: =sum(T93:Z93) -> 7 | T93: =countif('v2022'!E:E,A93) -> 1 | U93: =countif('v2018'!E:E,A93) -> 1 | V93: =countif('v2014'!E:E,A93) -> 1 | W93: =countif('v2010'!E:E,A93) -> 1 | X93: =countif('v2006'!E:E,A93) -> 1 | Y93: =countif('v2002'!E:E,A93) -> 1 | Z93: =countif('v1998'!E:E,A93) -> 1
A94: ae | B94: ElectronMagneticMomentAnomaly | C94: =proper(E94) -> Electron Magnetic Moment Anomaly | D94: =UPPER(LEFT(F94,1))&MID(F94,2,LEN(F94)) -> Moment magnétique anomal de l'électron | E94: electron magnetic moment anomaly | F94: moment magnétique anomal de l'électron | H94: =if(ISBLANK(G94),"",SUBSTITUTE(SUBSTITUTE(G94,"^","")," ","_")) | I94: =if(H94="","", countif(Units!A:A,H94)) | J94: ElectronMagneticMomentAnomaly | K94: =countif(Quantities!A:A,J94) -> 1 | L94: =J94=B94 -> TRUE | M94: ElectronMagneticMomentAnomaly | N94: =if(isblank(M94),"",hyperlink("https://qudt.org/vocab/constant/"&M94&".html","qudt")) -> qudt | O94: =not(isblank(M94)) -> TRUE | R94: =if(isblank(Q94),"",hyperlink("https://si-digital-framework.org/constants/"&Q94,"SI")) | S94: =sum(T94:Z94) -> 11 | T94: =countif('v2022'!E:E,A94) -> 2 | U94: =countif('v2018'!E:E,A94) -> 2 | V94: =countif('v2014'!E:E,A94) -> 2 | W94: =countif('v2010'!E:E,A94) -> 2 | X94: =countif('v2006'!E:E,A94) -> 1 | Y94: =countif('v2002'!E:E,A94) -> 1 | Z94: =countif('v1998'!E:E,A94) -> 1
A95: muemsmub | B95: ElectronMagneticMomentToBohrMagnetonRatio | C95: =proper(E95) -> Electron Magnetic Moment To Bohr Magneton Ratio | D95: =UPPER(LEFT(F95,1))&MID(F95,2,LEN(F95)) -> Rapport du moment magnétique de l'électron au magnéton de Bohr électronique | E95: electron magnetic moment to Bohr magneton ratio | F95: rapport du moment magnétique de l'électron au magnéton de Bohr électronique | H95: =if(ISBLANK(G95),"",SUBSTITUTE(SUBSTITUTE(G95,"^","")," ","_")) | I95: =if(H95="","", countif(Units!A:A,H95)) | J95: ElectronMagneticMomentToBohrMagnetonRatio | K95: =countif(Quantities!A:A,J95) -> 1 | L95: =J95=B95 -> TRUE | M95: ElectronMagneticMomentToBohrMagnetonRatio | N95: =if(isblank(M95),"",hyperlink("https://qudt.org/vocab/constant/"&M95&".html","qudt")) -> qudt | O95: =not(isblank(M95)) -> TRUE | R95: =if(isblank(Q95),"",hyperlink("https://si-digital-framework.org/constants/"&Q95,"SI")) | S95: =sum(T95:Z95) -> 7 | T95: =countif('v2022'!E:E,A95) -> 1 | U95: =countif('v2018'!E:E,A95) -> 1 | V95: =countif('v2014'!E:E,A95) -> 1 | W95: =countif('v2010'!E:E,A95) -> 1 | X95: =countif('v2006'!E:E,A95) -> 1 | Y95: =countif('v2002'!E:E,A95) -> 1 | Z95: =countif('v1998'!E:E,A95) -> 1
A96: muemsmun | B96: ElectronMagneticMomentToNuclearMagnetonRatio | C96: =proper(E96) -> Electron Magnetic Moment To Nuclear Magneton Ratio | D96: =UPPER(LEFT(F96,1))&MID(F96,2,LEN(F96)) -> Rapport du moment magnétique de l'électron au magnéton de Bohr nucléaire | E96: electron magnetic moment to nuclear magneton ratio | F96: rapport du moment magnétique de l'électron au magnéton de Bohr nucléaire | H96: =if(ISBLANK(G96),"",SUBSTITUTE(SUBSTITUTE(G96,"^","")," ","_")) | I96: =if(H96="","", countif(Units!A:A,H96)) | J96: ElectronMagneticMomentToNuclearMagnetonRatio | K96: =countif(Quantities!A:A,J96) -> 1 | L96: =J96=B96 -> TRUE | M96: ElectronMagneticMomentToNuclearMagnetonRatio | N96: =if(isblank(M96),"",hyperlink("https://qudt.org/vocab/constant/"&M96&".html","qudt")) -> qudt | O96: =not(isblank(M96)) -> TRUE | R96: =if(isblank(Q96),"",hyperlink("https://si-digital-framework.org/constants/"&Q96,"SI")) | S96: =sum(T96:Z96) -> 7 | T96: =countif('v2022'!E:E,A96) -> 1 | U96: =countif('v2018'!E:E,A96) -> 1 | V96: =countif('v2014'!E:E,A96) -> 1 | W96: =countif('v2010'!E:E,A96) -> 1 | X96: =countif('v2006'!E:E,A96) -> 1 | Y96: =countif('v2002'!E:E,A96) -> 1 | Z96: =countif('v1998'!E:E,A96) -> 1
A97: me | B97: ElectronMass | C97: =proper(E97) -> Electron Mass | D97: =UPPER(LEFT(F97,1))&MID(F97,2,LEN(F97)) -> Masse de l'électron | E97: electron mass | F97: masse de l'électron | G97: kg | H97: =if(ISBLANK(G97),"",SUBSTITUTE(SUBSTITUTE(G97,"^","")," ","_")) -> kg | I97: =if(H97="","", countif(Units!A:A,H97)) -> 1 | J97: ElectronMass | K97: =countif(Quantities!A:A,J97) -> 1 | L97: =J97=B97 -> TRUE | M97: ElectronMass | N97: =if(isblank(M97),"",hyperlink("https://qudt.org/vocab/constant/"&M97&".html","qudt")) -> qudt | O97: =not(isblank(M97)) -> TRUE | P97: [m_e] | R97: =if(isblank(Q97),"",hyperlink("https://si-digital-framework.org/constants/"&Q97,"SI")) | S97: =sum(T97:Z97) -> 7 | T97: =countif('v2022'!E:E,A97) -> 1 | U97: =countif('v2018'!E:E,A97) -> 1 | V97: =countif('v2014'!E:E,A97) -> 1 | W97: =countif('v2010'!E:E,A97) -> 1 | X97: =countif('v2006'!E:E,A97) -> 1 | Y97: =countif('v2002'!E:E,A97) -> 1 | Z97: =countif('v1998'!E:E,A97) -> 1
A98: mec2 | B98: ElectronMassEnergyEquivalent | C98: =proper(E98) -> Electron Mass Energy Equivalent | D98: =UPPER(LEFT(F98,1))&MID(F98,2,LEN(F98)) -> Énergie de masse de l'électron | E98: electron mass energy equivalent | F98: énergie de masse de l'électron | G98: J | H98: =if(ISBLANK(G98),"",SUBSTITUTE(SUBSTITUTE(G98,"^","")," ","_")) -> J | I98: =if(H98="","", countif(Units!A:A,H98)) -> 1 | J98: ElectronMassEnergyEquivalent | K98: =countif(Quantities!A:A,J98) -> 1 | L98: =J98=B98 -> TRUE | M98: ElectronMassEnergyEquivalent | N98: =if(isblank(M98),"",hyperlink("https://qudt.org/vocab/constant/"&M98&".html","qudt")) -> qudt | O98: =not(isblank(M98)) -> TRUE | R98: =if(isblank(Q98),"",hyperlink("https://si-digital-framework.org/constants/"&Q98,"SI")) | S98: =sum(T98:Z98) -> 7 | T98: =countif('v2022'!E:E,A98) -> 1 | U98: =countif('v2018'!E:E,A98) -> 1 | V98: =countif('v2014'!E:E,A98) -> 1 | W98: =countif('v2010'!E:E,A98) -> 1 | X98: =countif('v2006'!E:E,A98) -> 1 | Y98: =countif('v2002'!E:E,A98) -> 1 | Z98: =countif('v1998'!E:E,A98) -> 1
A99: mec2mev | B99: ElectronMassEnergyEquivalentInMeV | C99: Electron Mass Energy Equivalent In MeV | D99: =UPPER(LEFT(F99,1))&MID(F99,2,LEN(F99)) -> Énergie de masse de l'électron en MeV | E99: electron mass energy equivalent in MeV | F99: énergie de masse de l'électron en MeV | G99: MeV | H99: =if(ISBLANK(G99),"",SUBSTITUTE(SUBSTITUTE(G99,"^","")," ","_")) -> MeV | I99: =if(H99="","", countif(Units!A:A,H99)) -> 1 | J99: ElectronMass | K99: =countif(Quantities!A:A,J99) -> 1 | L99: =J99=B99 -> FALSE | M99: ElectronMassEnergyEquivalentInMeV | N99: =if(isblank(M99),"",hyperlink("https://qudt.org/vocab/constant/"&M99&".html","qudt")) -> qudt | O99: =not(isblank(M99)) -> TRUE | R99: =if(isblank(Q99),"",hyperlink("https://si-digital-framework.org/constants/"&Q99,"SI")) | S99: =sum(T99:Z99) -> 7 | T99: =countif('v2022'!E:E,A99) -> 1 | U99: =countif('v2018'!E:E,A99) -> 1 | V99: =countif('v2014'!E:E,A99) -> 1 | W99: =countif('v2010'!E:E,A99) -> 1 | X99: =countif('v2006'!E:E,A99) -> 1 | Y99: =countif('v2002'!E:E,A99) -> 1 | Z99: =countif('v1998'!E:E,A99) -> 1
A100: meu | B100: ElectronMassInAtomicMassUnit | C100: =proper(E100) -> Electron Mass In U | D100: =UPPER(LEFT(F100,1))&MID(F100,2,LEN(F100)) -> Masse de l'électron en u | E100: electron mass in u | F100: masse de l'électron en u | G100: u | H100: =if(ISBLANK(G100),"",SUBSTITUTE(SUBSTITUTE(G100,"^","")," ","_")) -> u | I100: =if(H100="","", countif(Units!A:A,H100)) -> 1 | J100: ElectronMass | K100: =countif(Quantities!A:A,J100) -> 1 | L100: =J100=B100 -> FALSE | M100: ElectronMassInAtomicMassUnit | N100: =if(isblank(M100),"",hyperlink("https://qudt.org/vocab/constant/"&M100&".html","qudt")) -> qudt | O100: =not(isblank(M100)) -> TRUE | R100: =if(isblank(Q100),"",hyperlink("https://si-digital-framework.org/constants/"&Q100,"SI")) | S100: =sum(T100:Z100) -> 7 | T100: =countif('v2022'!E:E,A100) -> 1 | U100: =countif('v2018'!E:E,A100) -> 1 | V100: =countif('v2014'!E:E,A100) -> 1 | W100: =countif('v2010'!E:E,A100) -> 1 | X100: =countif('v2006'!E:E,A100) -> 1 | Y100: =countif('v2002'!E:E,A100) -> 1 | Z100: =countif('v1998'!E:E,A100) -> 1
A101: mme | B101: ElectronMolarMass | C101: =proper(E101) -> Electron Molar Mass | D101: =UPPER(LEFT(F101,1))&MID(F101,2,LEN(F101)) -> Masse molaire de l'électron | E101: electron molar mass | F101: masse molaire de l'électron | G101: kg mol^-1 | H101: =if(ISBLANK(G101),"",SUBSTITUTE(SUBSTITUTE(G101,"^","")," ","_")) -> kg_mol-1 | I101: =if(H101="","", countif(Units!A:A,H101)) -> 1 | J101: ElectronMolarMass | K101: =countif(Quantities!A:A,J101) -> 1 | L101: =J101=B101 -> TRUE | M101: ElectronMolarMass | N101: =if(isblank(M101),"",hyperlink("https://qudt.org/vocab/constant/"&M101&".html","qudt")) -> qudt | O101: =not(isblank(M101)) -> TRUE | R101: =if(isblank(Q101),"",hyperlink("https://si-digital-framework.org/constants/"&Q101,"SI")) | S101: =sum(T101:Z101) -> 7 | T101: =countif('v2022'!E:E,A101) -> 1 | U101: =countif('v2018'!E:E,A101) -> 1 | V101: =countif('v2014'!E:E,A101) -> 1 | W101: =countif('v2010'!E:E,A101) -> 1 | X101: =countif('v2006'!E:E,A101) -> 1 | Y101: =countif('v2002'!E:E,A101) -> 1 | Z101: =countif('v1998'!E:E,A101) -> 1
A102: muemsmumum | B102: ElectronMuonMagneticMomentRatio | C102: =proper(E102) -> Electron - Muon Magnetic Moment Ratio | D102: =UPPER(LEFT(F102,1))&MID(F102,2,LEN(F102)) -> Rapport du moment magnétique de l'électron à celui du muon | E102: electron - muon magnetic moment ratio | F102: rapport du moment magnétique de l'électron à celui du muon | H102: =if(ISBLANK(G102),"",SUBSTITUTE(SUBSTITUTE(G102,"^","")," ","_")) | I102: =if(H102="","", countif(Units!A:A,H102)) | J102: ElectronMuonMagneticMomentRatio | K102: =countif(Quantities!A:A,J102) -> 1 | L102: =J102=B102 -> TRUE | M102: ElectronMuonMagneticMomentRatio | N102: =if(isblank(M102),"",hyperlink("https://qudt.org/vocab/constant/"&M102&".html","qudt")) -> qudt | O102: =not(isblank(M102)) -> TRUE | R102: =if(isblank(Q102),"",hyperlink("https://si-digital-framework.org/constants/"&Q102,"SI")) | S102: =sum(T102:Z102) -> 7 | T102: =countif('v2022'!E:E,A102) -> 1 | U102: =countif('v2018'!E:E,A102) -> 1 | V102: =countif('v2014'!E:E,A102) -> 1 | W102: =countif('v2010'!E:E,A102) -> 1 | X102: =countif('v2006'!E:E,A102) -> 1 | Y102: =countif('v2002'!E:E,A102) -> 1 | Z102: =countif('v1998'!E:E,A102) -> 1
A103: mesmmu | B103: ElectronMuonMassRatio | C103: =proper(E103) -> Electron - Muon Mass Ratio | D103: =UPPER(LEFT(F103,1))&MID(F103,2,LEN(F103)) -> Rapport de la masse de l'électron à celle du muon | E103: electron - muon mass ratio | F103: rapport de la masse de l'électron à celle du muon | H103: =if(ISBLANK(G103),"",SUBSTITUTE(SUBSTITUTE(G103,"^","")," ","_")) | I103: =if(H103="","", countif(Units!A:A,H103)) | J103: ElectronMuonMassRatio | K103: =countif(Quantities!A:A,J103) -> 1 | L103: =J103=B103 -> TRUE | M103: ElectronMuonMassRatio | N103: =if(isblank(M103),"",hyperlink("https://qudt.org/vocab/constant/"&M103&".html","qudt")) -> qudt | O103: =not(isblank(M103)) -> TRUE | R103: =if(isblank(Q103),"",hyperlink("https://si-digital-framework.org/constants/"&Q103,"SI")) | S103: =sum(T103:Z103) -> 7 | T103: =countif('v2022'!E:E,A103) -> 1 | U103: =countif('v2018'!E:E,A103) -> 1 | V103: =countif('v2014'!E:E,A103) -> 1 | W103: =countif('v2010'!E:E,A103) -> 1 | X103: =countif('v2006'!E:E,A103) -> 1 | Y103: =countif('v2002'!E:E,A103) -> 1 | Z103: =countif('v1998'!E:E,A103) -> 1
A104: muemsmunn | B104: ElectronNeutronMagneticMomentRatio | C104: =proper(E104) -> Electron - Neutron Magnetic Moment Ratio | D104: =UPPER(LEFT(F104,1))&MID(F104,2,LEN(F104)) -> Rapport du moment magnétique de l'électron à celui du neutron | E104: electron - neutron magnetic moment ratio | F104: rapport du moment magnétique de l'électron à celui du neutron | H104: =if(ISBLANK(G104),"",SUBSTITUTE(SUBSTITUTE(G104,"^","")," ","_")) | I104: =if(H104="","", countif(Units!A:A,H104)) | J104: ElectronNeutronMagneticMomentRatio | K104: =countif(Quantities!A:A,J104) -> 1 | L104: =J104=B104 -> TRUE | M104: ElectronNeutronMagneticMomentRatio | N104: =if(isblank(M104),"",hyperlink("https://qudt.org/vocab/constant/"&M104&".html","qudt")) -> qudt | O104: =not(isblank(M104)) -> TRUE | R104: =if(isblank(Q104),"",hyperlink("https://si-digital-framework.org/constants/"&Q104,"SI")) | S104: =sum(T104:Z104) -> 7 | T104: =countif('v2022'!E:E,A104) -> 1 | U104: =countif('v2018'!E:E,A104) -> 1 | V104: =countif('v2014'!E:E,A104) -> 1 | W104: =countif('v2010'!E:E,A104) -> 1 | X104: =countif('v2006'!E:E,A104) -> 1 | Y104: =countif('v2002'!E:E,A104) -> 1 | Z104: =countif('v1998'!E:E,A104) -> 1
A105: mesmn | B105: ElectronNeutronMassRatio | C105: =proper(E105) -> Electron - Neutron Mass Ratio | D105: =UPPER(LEFT(F105,1))&MID(F105,2,LEN(F105)) -> Rapport de la masse de l'électron à celle du neutron | E105: electron - neutron mass ratio | F105: rapport de la masse de l'électron à celle du neutron | H105: =if(ISBLANK(G105),"",SUBSTITUTE(SUBSTITUTE(G105,"^","")," ","_")) | I105: =if(H105="","", countif(Units!A:A,H105)) | J105: ElectronNeutronMassRatio | K105: =countif(Quantities!A:A,J105) -> 1 | L105: =J105=B105 -> TRUE | M105: ElectronNeutronMassRatio | N105: =if(isblank(M105),"",hyperlink("https://qudt.org/vocab/constant/"&M105&".html","qudt")) -> qudt | O105: =not(isblank(M105)) -> TRUE | R105: =if(isblank(Q105),"",hyperlink("https://si-digital-framework.org/constants/"&Q105,"SI")) | S105: =sum(T105:Z105) -> 7 | T105: =countif('v2022'!E:E,A105) -> 1 | U105: =countif('v2018'!E:E,A105) -> 1 | V105: =countif('v2014'!E:E,A105) -> 1 | W105: =countif('v2010'!E:E,A105) -> 1 | X105: =countif('v2006'!E:E,A105) -> 1 | Y105: =countif('v2002'!E:E,A105) -> 1 | Z105: =countif('v1998'!E:E,A105) -> 1
A106: muemsmup | B106: ElectronProtonMagneticMomentRatio | C106: =proper(E106) -> Electron - Proton Magnetic Moment Ratio | D106: =UPPER(LEFT(F106,1))&MID(F106,2,LEN(F106)) -> Rapport du moment magnétique de l'électron à celui du protron | E106: electron - proton magnetic moment ratio | F106: rapport du moment magnétique de l'électron à celui du protron | H106: =if(ISBLANK(G106),"",SUBSTITUTE(SUBSTITUTE(G106,"^","")," ","_")) | I106: =if(H106="","", countif(Units!A:A,H106)) | J106: ElectronProtonMagneticMomentRatio | K106: =countif(Quantities!A:A,J106) -> 1 | L106: =J106=B106 -> TRUE | M106: ElectronProtonMagneticMomentRatio | N106: =if(isblank(M106),"",hyperlink("https://qudt.org/vocab/constant/"&M106&".html","qudt")) -> qudt | O106: =not(isblank(M106)) -> TRUE | R106: =if(isblank(Q106),"",hyperlink("https://si-digital-framework.org/constants/"&Q106,"SI")) | S106: =sum(T106:Z106) -> 7 | T106: =countif('v2022'!E:E,A106) -> 1 | U106: =countif('v2018'!E:E,A106) -> 1 | V106: =countif('v2014'!E:E,A106) -> 1 | W106: =countif('v2010'!E:E,A106) -> 1 | X106: =countif('v2006'!E:E,A106) -> 1 | Y106: =countif('v2002'!E:E,A106) -> 1 | Z106: =countif('v1998'!E:E,A106) -> 1
...

Sheet Units
A1: id | B1: name | C1: parts | D1: si_expression | E1: si_id | F1: si_uri | G1: ucum_id | H1: ucum_uri | I1: n_constants | J1: wikidata_id | K1: wikipedia
A2: A | B2: ampere | D2: =substitute(A2,"_",".") -> A | E2: ampere | F2: =if(isblank(E2),"",hyperlink("https://si-digital-framework.org/SI/units/"&E2)) -> https://si-digital-framework.org/SI/units/ampere | G2: A | H2: =if(or(isblank(G2),G2="?"),"",hyperlink(concatenate("https://w3id.org/uom/",G2))) -> https://w3id.org/uom/A | I2: =countif(Constants!H:H,A2) -> 1
A3: AXC | B3: ampere-90 | I3: =countif(Constants!H:H,A3) -> 1
A4: A_J-1 | B4: ampere per joule | C4: A,J | D4: =substitute(A4,"_",".") -> A.J-1 | E4: ampere.joule-1 | F4: =if(isblank(E4),"",hyperlink("https://si-digital-framework.org/SI/units/"&E4)) -> https://si-digital-framework.org/SI/units/ampere.joule-1 | G4: A.J-1 | H4: =if(or(isblank(G4),G4="?"),"",hyperlink(concatenate("https://w3id.org/uom/",G4))) -> https://w3id.org/uom/A.J-1 | I4: =countif(Constants!H:H,A4) -> 1
A5: C | B5: coulomb | C5: C | D5: =substitute(A5,"_",".") -> C | E5: coulomb | F5: =if(isblank(E5),"",hyperlink("https://si-digital-framework.org/SI/units/"&E5)) -> https://si-digital-framework.org/SI/units/coulomb | G5: C | H5: =if(or(isblank(G5),G5="?"),"",hyperlink(concatenate("https://w3id.org/uom/",G5))) -> https://w3id.org/uom/C | I5: =countif(Constants!H:H,A5) -> 2
A6: CXC | B6: coulomb-90 | I6: =countif(Constants!H:H,A6) -> 0
A7: CXC_mol-1 | C7: CXC,mol | F7: =if(isblank(E7),"",hyperlink("https://si-digital-framework.org/SI/units/"&E7)) | I7: =countif(Constants!H:H,A7) -> 1
A8: C_kg-1 | C8: C,kg | D8: =substitute(A8,"_",".") -> C.kg-1 | E8: coulomb.kilogram-1 | F8: =if(isblank(E8),"",hyperlink("https://si-digital-framework.org/SI/units/"&E8)) -> https://si-digital-framework.org/SI/units/coulomb.kilogram-1 | G8: C.kg-1 | H8: =if(or(isblank(G8),G8="?"),"",hyperlink(concatenate("https://w3id.org/uom/",G8))) -> https://w3id.org/uom/C.kg-1 | I8: =countif(Constants!H:H,A8) -> 2
A9: C_m | C9: C,m | D9: =substitute(A9,"_",".") -> C.m | E9: coulomb.metre | F9: =if(isblank(E9),"",hyperlink("https://si-digital-framework.org/SI/units/"&E9)) -> https://si-digital-framework.org/SI/units/coulomb.metre | G9: C.m | H9: =if(or(isblank(G9),G9="?"),"",hyperlink(concatenate("https://w3id.org/uom/",G9))) -> https://w3id.org/uom/C.m | I9: =countif(Constants!H:H,A9) -> 1
A10: C_m-3 | C10: C,m | D10: =substitute(A10,"_",".") -> C.m-3 | E10: coulomb.metre-3 | F10: =if(isblank(E10),"",hyperlink("https://si-digital-framework.org/SI/units/"&E10)) -> https://si-digital-framework.org/SI/units/coulomb.metre-3 | G10: C.m-3 | H10: =if(or(isblank(G10),G10="?"),"",hyperlink(concatenate("https://w3id.org/uom/",G10))) -> https://w3id.org/uom/C.m-3 | I10: =countif(Constants!H:H,A10) -> 1
A11: C_m2 | C11: C,m | D11: =substitute(A11,"_",".") -> C.m2 | E11: coulomb.metre2 | F11: =if(isblank(E11),"",hyperlink("https://si-digital-framework.org/SI/units/"&E11)) -> https://si-digital-framework.org/SI/units/coulomb.metre2 | G11: C.m2 | H11: =if(or(isblank(G11),G11="?"),"",hyperlink(concatenate("https://w3id.org/uom/",G11))) -> https://w3id.org/uom/C.m2 | I11: =countif(Constants!H:H,A11) -> 1
A12: C_mol-1 | C12: C,mol | D12: =substitute(A12,"_",".") -> C.mol-1 | E12: coulomb.mole-1 | F12: =if(isblank(E12),"",hyperlink("https://si-digital-framework.org/SI/units/"&E12)) -> https://si-digital-framework.org/SI/units/coulomb.mole-1 | G12: C.mol-1 | H12: =if(or(isblank(G12),G12="?"),"",hyperlink(concatenate("https://w3id.org/uom/",G12))) -> https://w3id.org/uom/C.mol-1 | I12: =countif(Constants!H:H,A12) -> 1
A13: C2_m2_J-1 | C13: C,m,J | D13: =substitute(A13,"_",".") -> C2.m2.J-1 | E13: coulomb2.metre2.joule-1 | F13: =if(isblank(E13),"",hyperlink("https://si-digital-framework.org/SI/units/"&E13)) -> https://si-digital-framework.org/SI/units/coulomb2.metre2.joule-1 | G13: C2.m2.J-1 | H13: =if(or(isblank(G13),G13="?"),"",hyperlink(concatenate("https://w3id.org/uom/",G13))) -> https://w3id.org/uom/C2.m2.J-1 | I13: =countif(Constants!H:H,A13) -> 1
A14: C3_m3_J-2 | C14: C,m,J | D14: =substitute(A14,"_",".") -> C3.m3.J-2 | E14: coulomb3.metre3.joule-2 | F14: =if(isblank(E14),"",hyperlink("https://si-digital-framework.org/SI/units/"&E14)) -> https://si-digital-framework.org/SI/units/coulomb3.metre3.joule-2 | G14: C3.m3.J-2 | H14: =if(or(isblank(G14),G14="?"),"",hyperlink(concatenate("https://w3id.org/uom/",G14))) -> https://w3id.org/uom/C3.m3.J-2 | I14: =countif(Constants!H:H,A14) -> 1
A15: C4_m4_J-3 | C15: C,m,J | D15: =substitute(A15,"_",".") -> C4.m4.J-3 | E15: coulomb4.metre4.joule-3 | F15: =if(isblank(E15),"",hyperlink("https://si-digital-framework.org/SI/units/"&E15)) -> https://si-digital-framework.org/SI/units/coulomb4.metre4.joule-3 | G15: C4.m4.J-3 | H15: =if(or(isblank(G15),G15="?"),"",hyperlink(concatenate("https://w3id.org/uom/",G15))) -> https://w3id.org/uom/C4.m4.J-3 | I15: =countif(Constants!H:H,A15) -> 1
A16: E_h | B16: hartree energy | D16: J | E16: joule | F16: =if(isblank(E16),"",hyperlink("https://si-digital-framework.org/SI/units/"&E16)) -> https://si-digital-framework.org/SI/units/joule | G16: J | H16: =if(or(isblank(G16),G16="?"),"",hyperlink(concatenate("https://w3id.org/uom/",G16))) -> https://w3id.org/uom/J | I16: =countif(Constants!H:H,A16) -> 7 | J16: Q476572 | K16: https://en.wikipedia.org/wiki/Hartree
A17: eV | D17: =substitute(A17,"_",".") -> eV | E17: electronvolt | F17: =if(isblank(E17),"",hyperlink("https://si-digital-framework.org/SI/units/"&E17)) -> https://si-digital-framework.org/SI/units/electronvolt | G17: eV | H17: =if(or(isblank(G17),G17="?"),"",hyperlink(concatenate("https://w3id.org/uom/",G17))) -> https://w3id.org/uom/eV | I17: =countif(Constants!H:H,A17) -> 9
A18: eV_Hz-1 | C18: eV,Hz | D18: =substitute(A18,"_",".") -> eV.Hz-1 | E18: electronvolt.hertz-1 | F18: =if(isblank(E18),"",hyperlink("https://si-digital-framework.org/SI/units/"&E18)) -> https://si-digital-framework.org/SI/units/electronvolt.hertz-1 | G18: eV.Hz-1 | H18: =if(or(isblank(G18),G18="?"),"",hyperlink(concatenate("https://w3id.org/uom/",G18))) -> https://w3id.org/uom/eV.Hz-1 | I18: =countif(Constants!H:H,A18) -> 1
A19: eV_K-1 | C19: eV,K | D19: =substitute(A19,"_",".") -> eV.K-1 | E19: electronvolt.kelvin-1 | F19: =if(isblank(E19),"",hyperlink("https://si-digital-framework.org/SI/units/"&E19)) -> https://si-digital-framework.org/SI/units/electronvolt.kelvin-1 | G19: eV.K-1 | H19: =if(or(isblank(G19),G19="?"),"",hyperlink(concatenate("https://w3id.org/uom/",G19))) -> https://w3id.org/uom/eV.K-1 | I19: =countif(Constants!H:H,A19) -> 1
A20: eV_s | C20: eV,s | D20: =substitute(A20,"_",".") -> eV.s | E20: electronvolt.second | F20: =if(isblank(E20),"",hyperlink("https://si-digital-framework.org/SI/units/"&E20)) -> https://si-digital-framework.org/SI/units/electronvolt.second | G20: eV.s | H20: =if(or(isblank(G20),G20="?"),"",hyperlink(concatenate("https://w3id.org/uom/",G20))) -> https://w3id.org/uom/eV.s | I20: =countif(Constants!H:H,A20) -> 2
A21: eV_T-1 | C21: eV,T | D21: =substitute(A21,"_",".") -> eV.T-1 | E21: electronvolt.tesla-1 | F21: =if(isblank(E21),"",hyperlink("https://si-digital-framework.org/SI/units/"&E21)) -> https://si-digital-framework.org/SI/units/electronvolt.tesla-1 | G21: eV.T-1 | H21: =if(or(isblank(G21),G21="?"),"",hyperlink(concatenate("https://w3id.org/uom/",G21))) -> https://w3id.org/uom/eV.T-1 | I21: =countif(Constants!H:H,A21) -> 2
A22: F | D22: =substitute(A22,"_",".") -> F | E22: farad | F22: =if(isblank(E22),"",hyperlink("https://si-digital-framework.org/SI/units/"&E22)) -> https://si-digital-framework.org/SI/units/farad | G22: F | H22: =if(or(isblank(G22),G22="?"),"",hyperlink(concatenate("https://w3id.org/uom/",G22))) -> https://w3id.org/uom/F | I22: =countif(Constants!H:H,A22) -> 0
A23: FXC | B23: farad-90 | I23: =countif(Constants!H:H,A23) -> 1
A24: F_m-1 | C24: F,M | D24: =substitute(A24,"_",".") -> F.m-1 | E24: farad.metre-1 | F24: =if(isblank(E24),"",hyperlink("https://si-digital-framework.org/SI/units/"&E24)) -> https://si-digital-framework.org/SI/units/farad.metre-1 | G24: F.m-1 | H24: =if(or(isblank(G24),G24="?"),"",hyperlink(concatenate("https://w3id.org/uom/",G24))) -> https://w3id.org/uom/F.m-1 | I24: =countif(Constants!H:H,A24) -> 2
A25: GeV | D25: =substitute(A25,"_",".") -> GeV | E25: gigaelectronvolt | F25: =if(isblank(E25),"",hyperlink("https://si-digital-framework.org/SI/units/"&E25)) -> https://si-digital-framework.org/SI/units/gigaelectronvolt | G25: GeV | H25: =if(or(isblank(G25),G25="?"),"",hyperlink(concatenate("https://w3id.org/uom/",G25))) -> https://w3id.org/uom/GeV | I25: =countif(Constants!H:H,A25) -> 1
A26: GeV-2 | D26: =substitute(A26,"_",".") -> GeV-2 | E26: gigaelectronvolt-2 | F26: =if(isblank(E26),"",hyperlink("https://si-digital-framework.org/SI/units/"&E26)) -> https://si-digital-framework.org/SI/units/gigaelectronvolt-2 | G26: GeV-2 | H26: =if(or(isblank(G26),G26="?"),"",hyperlink(concatenate("https://w3id.org/uom/",G26))) -> https://w3id.org/uom/GeV-2 | I26: =countif(Constants!H:H,A26) -> 1
A27: H | D27: =substitute(A27,"_",".") -> H | E27: henry | F27: =if(isblank(E27),"",hyperlink("https://si-digital-framework.org/SI/units/"&E27)) -> https://si-digital-framework.org/SI/units/henry | G27: H | H27: =if(or(isblank(G27),G27="?"),"",hyperlink(concatenate("https://w3id.org/uom/",G27))) -> https://w3id.org/uom/H | I27: =countif(Constants!H:H,A27) -> 0
A28: HXC | B28: henry-90 | I28: =countif(Constants!H:H,A28) -> 1
A29: Hz | D29: =substitute(A29,"_",".") -> Hz | E29: hertz | F29: =if(isblank(E29),"",hyperlink("https://si-digital-framework.org/SI/units/"&E29)) -> https://si-digital-framework.org/SI/units/hertz | G29: Hz | H29: =if(or(isblank(G29),G29="?"),"",hyperlink(concatenate("https://w3id.org/uom/",G29))) -> https://w3id.org/uom/Hz | I29: =countif(Constants!H:H,A29) -> 9
A30: Hz_K-1 | C30: Hz,K | D30: =substitute(A30,"_",".") -> Hz.K-1 | E30: hertz.kelvin-1 | F30: =if(isblank(E30),"",hyperlink("https://si-digital-framework.org/SI/units/"&E30)) -> https://si-digital-framework.org/SI/units/hertz.kelvin-1 | G30: Hz.K-1 | H30: =if(or(isblank(G30),G30="?"),"",hyperlink(concatenate("https://w3id.org/uom/",G30))) -> https://w3id.org/uom/Hz.K-1 | I30: =countif(Constants!H:H,A30) -> 2
A31: Hz_T-1 | C31: Hz,T | D31: =substitute(A31,"_",".") -> Hz.T-1 | E31: hertz.tesla-1 | F31: =if(isblank(E31),"",hyperlink("https://si-digital-framework.org/SI/units/"&E31)) -> https://si-digital-framework.org/SI/units/hertz.tesla-1 | G31: Hz.T-1 | H31: =if(or(isblank(G31),G31="?"),"",hyperlink(concatenate("https://w3id.org/uom/",G31))) -> https://w3id.org/uom/Hz.T-1 | I31: =countif(Constants!H:H,A31) -> 1
A32: Hz_VXC-1 | B32: hertz per volt-90 | C32: Hz,VXC | I32: =countif(Constants!H:H,A32) -> 1
A33: J | D33: =substitute(A33,"_",".") -> J | E33: joule | F33: =if(isblank(E33),"",hyperlink("https://si-digital-framework.org/SI/units/"&E33)) -> https://si-digital-framework.org/SI/units/joule | G33: J | H33: =if(or(isblank(G33),G33="?"),"",hyperlink(concatenate("https://w3id.org/uom/",G33))) -> https://w3id.org/uom/J | I33: =countif(Constants!H:H,A33) -> 23
A34: J_Hz-1 | C34: J,Hz | D34: =substitute(A34,"_",".") -> J.Hz-1 | E34: joule.hertz-1 | F34: =if(isblank(E34),"",hyperlink("https://si-digital-framework.org/SI/units/"&E34)) -> https://si-digital-framework.org/SI/units/joule.hertz-1 | G34: J.Hz-1 | H34: =if(or(isblank(G34),G34="?"),"",hyperlink(concatenate("https://w3id.org/uom/",G34))) -> https://w3id.org/uom/J.Hz-1 | I34: =countif(Constants!H:H,A34) -> 1
A35: J_Hz-1_mol-1 | C35: J,Hz,mol | D35: =substitute(A35,"_",".") -> J.Hz-1.mol-1 | E35: joule.hertz-1.mole-1 | F35: =if(isblank(E35),"",hyperlink("https://si-digital-framework.org/SI/units/"&E35)) -> https://si-digital-framework.org/SI/units/joule.hertz-1.mole-1 | G35: J.Hz-1.mol-1 | H35: =if(or(isblank(G35),G35="?"),"",hyperlink(concatenate("https://w3id.org/uom/",G35))) -> https://w3id.org/uom/J.Hz-1.mol-1 | I35: =countif(Constants!H:H,A35) -> 1
A36: J_K-1 | C36: J,K | D36: =substitute(A36,"_",".") -> J.K-1 | E36: joule.kelvin-1 | F36: =if(isblank(E36),"",hyperlink("https://si-digital-framework.org/SI/units/"&E36)) -> https://si-digital-framework.org/SI/units/joule.kelvin-1 | G36: J.K-1 | H36: =if(or(isblank(G36),G36="?"),"",hyperlink(concatenate("https://w3id.org/uom/",G36))) -> https://w3id.org/uom/J.K-1 | I36: =countif(Constants!H:H,A36) -> 1
A37: J_m_mol-1 | C37: J,m,mol | D37: =substitute(A37,"_",".") -> J.m.mol-1 | E37: joule.metre.mole-1 | F37: =if(isblank(E37),"",hyperlink("https://si-digital-framework.org/SI/units/"&E37)) -> https://si-digital-framework.org/SI/units/joule.metre.mole-1 | G37: J.m.mol-1 | H37: =if(or(isblank(G37),G37="?"),"",hyperlink(concatenate("https://w3id.org/uom/",G37))) -> https://w3id.org/uom/J.m.mol-1 | I37: =countif(Constants!H:H,A37) -> 1
A38: J_mol-1_K-1 | C38: J,mol,K | D38: =substitute(A38,"_",".") -> J.mol-1.K-1 | E38: joule.mole-1.kelvin-1 | F38: =if(isblank(E38),"",hyperlink("https://si-digital-framework.org/SI/units/"&E38)) -> https://si-digital-framework.org/SI/units/joule.mole-1.kelvin-1 | G38: J.mol-1.K-1 | H38: =if(or(isblank(G38),G38="?"),"",hyperlink(concatenate("https://w3id.org/uom/",G38))) -> https://w3id.org/uom/J.mol-1.K-1 | I38: =countif(Constants!H:H,A38) -> 1
A39: J_s | C39: J,s | D39: =substitute(A39,"_",".") -> J.s | E39: joule.second | F39: =if(isblank(E39),"",hyperlink("https://si-digital-framework.org/SI/units/"&E39)) -> https://si-digital-framework.org/SI/units/joule.second | G39: J.s | H39: =if(or(isblank(G39),G39="?"),"",hyperlink(concatenate("https://w3id.org/uom/",G39))) -> https://w3id.org/uom/J.s | I39: =countif(Constants!H:H,A39) -> 3
A40: J_T-1 | C40: J,T | D40: =substitute(A40,"_",".") -> J.T-1 | E40: joule.tesla-1 | F40: =if(isblank(E40),"",hyperlink("https://si-digital-framework.org/SI/units/"&E40)) -> https://si-digital-framework.org/SI/units/joule.tesla-1 | G40: J.T-1 | H40: =if(or(isblank(G40),G40="?"),"",hyperlink(concatenate("https://w3id.org/uom/",G40))) -> https://w3id.org/uom/J.T-1 | I40: =countif(Constants!H:H,A40) -> 12
A41: J_T-2 | C41: J,T | D41: =substitute(A41,"_",".") -> J.T-2 | E41: joule.tesla-2 | F41: =if(isblank(E41),"",hyperlink("https://si-digital-framework.org/SI/units/"&E41)) -> https://si-digital-framework.org/SI/units/joule.tesla-2 | G41: J.T-2 | H41: =if(or(isblank(G41),G41="?"),"",hyperlink(concatenate("https://w3id.org/uom/",G41))) -> https://w3id.org/uom/J.T-2 | I41: =countif(Constants!H:H,A41) -> 1
A42: K | D42: =substitute(A42,"_",".") -> K | E42: kelvin | F42: =if(isblank(E42),"",hyperlink("https://si-digital-framework.org/SI/units/"&E42)) -> https://si-digital-framework.org/SI/units/kelvin | G42: K | H42: =if(or(isblank(G42),G42="?"),"",hyperlink(concatenate("https://w3id.org/uom/",G42))) -> https://w3id.org/uom/K | I42: =countif(Constants!H:H,A42) -> 8
A43: K_T-1 | C43: K,T | D43: =substitute(A43,"_",".") -> K.T-1 | E43: kelvin.tesla-1 | F43: =if(isblank(E43),"",hyperlink("https://si-digital-framework.org/SI/units/"&E43)) -> https://si-digital-framework.org/SI/units/kelvin.tesla-1 | G43: K.T-1 | H43: =if(or(isblank(G43),G43="?"),"",hyperlink(concatenate("https://w3id.org/uom/",G43))) -> https://w3id.org/uom/K.T-1 | I43: =countif(Constants!H:H,A43) -> 2
A44: kg | D44: =substitute(A44,"_",".") -> kg | E44: kilogram | F44: =if(isblank(E44),"",hyperlink("https://si-digital-framework.org/SI/units/"&E44)) -> https://si-digital-framework.org/SI/units/kilogram | G44: kg | H44: =if(or(isblank(G44),G44="?"),"",hyperlink(concatenate("https://w3id.org/uom/",G44))) -> https://w3id.org/uom/kg | I44: =countif(Constants!H:H,A44) -> 22
A45: kg_m_s-1 | C45: kg,m,s | D45: =substitute(A45,"_",".") -> kg.m.s-1 | E45: kilogram.metre.second-1 | F45: =if(isblank(E45),"",hyperlink("https://si-digital-framework.org/SI/units/"&E45)) -> https://si-digital-framework.org/SI/units/kilogram.metre.second-1 | G45: kg.m.s-1 | H45: =if(or(isblank(G45),G45="?"),"",hyperlink(concatenate("https://w3id.org/uom/",G45))) -> https://w3id.org/uom/kg.m.s-1 | I45: =countif(Constants!H:H,A45) -> 2
A46: kg_mol-1 | C46: kg,mol | D46: =substitute(A46,"_",".") -> kg.mol-1 | E46: kilogram.mole-1 | F46: =if(isblank(E46),"",hyperlink("https://si-digital-framework.org/SI/units/"&E46)) -> https://si-digital-framework.org/SI/units/kilogram.mole-1 | G46: kg.mol-1 | H46: =if(or(isblank(G46),G46="?"),"",hyperlink(concatenate("https://w3id.org/uom/",G46))) -> https://w3id.org/uom/kg.mol-1 | I46: =countif(Constants!H:H,A46) -> 11
A47: lm_W-1 | C47: lm,W | D47: =substitute(A47,"_",".") -> lm.W-1 | E47: lumen.watt-1 | F47: =if(isblank(E47),"",hyperlink("https://si-digital-framework.org/SI/units/"&E47)) -> https://si-digital-framework.org/SI/units/lumen.watt-1 | G47: lm.W-1 | H47: =if(or(isblank(G47),G47="?"),"",hyperlink(concatenate("https://w3id.org/uom/",G47))) -> https://w3id.org/uom/lm.W-1 | I47: =countif(Constants!H:H,A47) -> 1
A48: m | D48: =substitute(A48,"_",".") -> m | E48: metre | F48: =if(isblank(E48),"",hyperlink("https://si-digital-framework.org/SI/units/"&E48)) -> https://si-digital-framework.org/SI/units/metre | G48: m | H48: =if(or(isblank(G48),G48="?"),"",hyperlink(concatenate("https://w3id.org/uom/",G48))) -> https://w3id.org/uom/m | I48: =countif(Constants!H:H,A48) -> 22
A49: m-1 | D49: =substitute(A49,"_",".") -> m-1 | E49: metre-1 | F49: =if(isblank(E49),"",hyperlink("https://si-digital-framework.org/SI/units/"&E49)) -> https://si-digital-framework.org/SI/units/metre-1 | G49: m-1 | H49: =if(or(isblank(G49),G49="?"),"",hyperlink(concatenate("https://w3id.org/uom/",G49))) -> https://w3id.org/uom/m-1 | I49: =countif(Constants!H:H,A49) -> 8
A50: m-1_K-1 | C50: m.K | D50: =substitute(A50,"_",".") -> m-1.K-1 | E50: metre-1.kelvin-1 | F50: =if(isblank(E50),"",hyperlink("https://si-digital-framework.org/SI/units/"&E50)) -> https://si-digital-framework.org/SI/units/metre-1.kelvin-1 | G50: m-1.K-1 | H50: =if(or(isblank(G50),G50="?"),"",hyperlink(concatenate("https://w3id.org/uom/",G50))) -> https://w3id.org/uom/m-1.K-1 | I50: =countif(Constants!H:H,A50) -> 1
A51: m-1_T-1 | C51: m,T | D51: =substitute(A51,"_",".") -> m-1.T-1 | E51: metre-1.tesla-1 | F51: =if(isblank(E51),"",hyperlink("https://si-digital-framework.org/SI/units/"&E51)) -> https://si-digital-framework.org/SI/units/metre-1.tesla-1 | G51: m-1.T-1 | H51: =if(or(isblank(G51),G51="?"),"",hyperlink(concatenate("https://w3id.org/uom/",G51))) -> https://w3id.org/uom/m-1.T-1 | I51: =countif(Constants!H:H,A51) -> 2
A52: m-3 | D52: =substitute(A52,"_",".") -> m-3 | E52: metre-3 | F52: =if(isblank(E52),"",hyperlink("https://si-digital-framework.org/SI/units/"&E52)) -> https://si-digital-framework.org/SI/units/metre-3 | G52: m-3 | H52: =if(or(isblank(G52),G52="?"),"",hyperlink(concatenate("https://w3id.org/uom/",G52))) -> https://w3id.org/uom/m-3 | I52: =countif(Constants!H:H,A52) -> 2
A53: m_K | C53: m,K | D53: =substitute(A53,"_",".") -> m.K | E53: metre.kelvin | F53: =if(isblank(E53),"",hyperlink("https://si-digital-framework.org/SI/units/"&E53)) -> https://si-digital-framework.org/SI/units/metre.kelvin | G53: m.K | H53: =if(or(isblank(G53),G53="?"),"",hyperlink(concatenate("https://w3id.org/uom/",G53))) -> https://w3id.org/uom/m.K | I53: =countif(Constants!H:H,A53) -> 2
A54: m_s-1 | C54: m,s | D54: =substitute(A54,"_",".") -> m.s-1 | E54: metre.second-1 | F54: =if(isblank(E54),"",hyperlink("https://si-digital-framework.org/SI/units/"&E54)) -> https://si-digital-framework.org/SI/units/metre.second-1 | G54: m.s-1 | H54: =if(or(isblank(G54),G54="?"),"",hyperlink(concatenate("https://w3id.org/uom/",G54))) -> https://w3id.org/uom/m.s-1 | I54: =countif(Constants!H:H,A54) -> 3
A55: m_s-2 | C55: m,s | D55: =substitute(A55,"_",".") -> m.s-2 | E55: metre.second-2 | F55: =if(isblank(E55),"",hyperlink("https://si-digital-framework.org/SI/units/"&E55)) -> https://si-digital-framework.org/SI/units/metre.second-2 | G55: m.s-2 | H55: =if(or(isblank(G55),G55="?"),"",hyperlink(concatenate("https://w3id.org/uom/",G55))) -> https://w3id.org/uom/m.s-2 | I55: =countif(Constants!H:H,A55) -> 1
A56: m2 | D56: =substitute(A56,"_",".") -> m2 | E56: metre2 | F56: =if(isblank(E56),"",hyperlink("https://si-digital-framework.org/SI/units/"&E56)) -> https://si-digital-framework.org/SI/units/metre2 | G56: m2 | H56: =if(or(isblank(G56),G56="?"),"",hyperlink(concatenate("https://w3id.org/uom/",G56))) -> https://w3id.org/uom/m2 | I56: =countif(Constants!H:H,A56) -> 1
A57: m2_s-1 | C57: m,s | D57: =substitute(A57,"_",".") -> m2.s-1 | E57: metre2.second-1 | F57: =if(isblank(E57),"",hyperlink("https://si-digital-framework.org/SI/units/"&E57)) -> https://si-digital-framework.org/SI/units/metre2.second-1 | G57: m2.s-1 | H57: =if(or(isblank(G57),G57="?"),"",hyperlink(concatenate("https://w3id.org/uom/",G57))) -> https://w3id.org/uom/m2.s-1 | I57: =countif(Constants!H:H,A57) -> 2
A58: m3_kg-1_s-2 | C58: m,kg,s | D58: =substitute(A58,"_",".") -> m3.kg-1.s-2 | E58: metre3.kilogram-1.second-2 | F58: =if(isblank(E58),"",hyperlink("https://si-digital-framework.org/SI/units/"&E58)) -> https://si-digital-framework.org/SI/units/metre3.kilogram-1.second-2 | G58: m3.kg-1.s-2 | H58: =if(or(isblank(G58),G58="?"),"",hyperlink(concatenate("https://w3id.org/uom/",G58))) -> https://w3id.org/uom/m3.kg-1.s-2 | I58: =countif(Constants!H:H,A58) -> 2
A59: m3_mol-1 | C59: m,mol | D59: =substitute(A59,"_",".") -> m3.mol-1 | E59: metre3.mole-1 | F59: =if(isblank(E59),"",hyperlink("https://si-digital-framework.org/SI/units/"&E59)) -> https://si-digital-framework.org/SI/units/metre3.mole-1 | G59: m3.mol-1 | H59: =if(or(isblank(G59),G59="?"),"",hyperlink(concatenate("https://w3id.org/uom/",G59))) -> https://w3id.org/uom/m3.mol-1 | I59: =countif(Constants!H:H,A59) -> 3
A60: MeV | D60: =substitute(A60,"_",".") -> MeV | E60: megaelectronvolt | F60: =if(isblank(E60),"",hyperlink("https://si-digital-framework.org/SI/units/"&E60)) -> https://si-digital-framework.org/SI/units/megaelectronvolt | G60: MeV | H60: =if(or(isblank(G60),G60="?"),"",hyperlink(concatenate("https://w3id.org/uom/",G60))) -> https://w3id.org/uom/MeV | I60: =countif(Constants!H:H,A60) -> 12
A61: MeV_fm | C61: eV,m | D61: =substitute(A61,"_",".") -> MeV.fm | E61: megaelectronvolt.femtometre | F61: =if(isblank(E61),"",hyperlink("https://si-digital-framework.org/SI/units/"&E61)) -> https://si-digital-framework.org/SI/units/megaelectronvolt.femtometre | G61: MeV.fm | H61: =if(or(isblank(G61),G61="?"),"",hyperlink(concatenate("https://w3id.org/uom/",G61))) -> https://w3id.org/uom/MeV.fm | I61: =countif(Constants!H:H,A61) -> 1
A62: MeV_c-1 | C62: eV,m | D62: MeV.m-1.s | E62: megaelectronvolt.metre-1.second | F62: =if(isblank(E62),"",hyperlink("https://si-digital-framework.org/SI/units/"&E62)) -> https://si-digital-framework.org/SI/units/megaelectronvolt.metre-1.second | G62: MeV.[c]-1 | H62: =if(or(isblank(G62),G62="?"),"",hyperlink(concatenate("https://w3id.org/uom/",G62))) -> https://w3id.org/uom/MeV.[c]-1 | I62: =countif(Constants!H:H,A62) -> 1
A63: MHz_T-1 | C63: Hz,T | D63: =substitute(A63,"_",".") -> MHz.T-1 | E63: megahertz.tesla-1 | F63: =if(isblank(E63),"",hyperlink("https://si-digital-framework.org/SI/units/"&E63)) -> https://si-digital-framework.org/SI/units/megahertz.tesla-1 | G63: MHz.T-1 | H63: =if(or(isblank(G63),G63="?"),"",hyperlink(concatenate("https://w3id.org/uom/",G63))) -> https://w3id.org/uom/MHz.T-1 | I63: =countif(Constants!H:H,A63) -> 6
A64: mol-1 | D64: =substitute(A64,"_",".") -> mol-1 | E64: mole-1 | F64: =if(isblank(E64),"",hyperlink("https://si-digital-framework.org/SI/units/"&E64)) -> https://si-digital-framework.org/SI/units/mole-1 | G64: mol-1 | H64: =if(or(isblank(G64),G64="?"),"",hyperlink(concatenate("https://w3id.org/uom/",G64))) -> https://w3id.org/uom/mol-1 | I64: =countif(Constants!H:H,A64) -> 1
A65: N | D65: =substitute(A65,"_",".") -> N | E65: newton | F65: =if(isblank(E65),"",hyperlink("https://si-digital-framework.org/SI/units/"&E65)) -> https://si-digital-framework.org/SI/units/newton | G65: N | H65: =if(or(isblank(G65),G65="?"),"",hyperlink(concatenate("https://w3id.org/uom/",G65))) -> https://w3id.org/uom/N | I65: =countif(Constants!H:H,A65) -> 1
A66: N_A-2 | C66: N,A | D66: =substitute(A66,"_",".") -> N.A-2 | E66: newton.ampere-2 | F66: =if(isblank(E66),"",hyperlink("https://si-digital-framework.org/SI/units/"&E66)) -> https://si-digital-framework.org/SI/units/newton.ampere-2 | G66: N.A-2 | H66: =if(or(isblank(G66),G66="?"),"",hyperlink(concatenate("https://w3id.org/uom/",G66))) -> https://w3id.org/uom/N.A-2 | I66: =countif(Constants!H:H,A66) -> 1
A67: ohm | D67: Ω | E67: ohm | F67: =if(isblank(E67),"",hyperlink("https://si-digital-framework.org/SI/units/"&E67)) -> https://si-digital-framework.org/SI/units/ohm | G67: Ohm | H67: =if(or(isblank(G67),G67="?"),"",hyperlink(concatenate("https://w3id.org/uom/",G67))) -> https://w3id.org/uom/Ohm | I67: =countif(Constants!H:H,A67) -> 3
A68: ohmXC | B68: ohm-90 | I68: =countif(Constants!H:H,A68) -> 2
A69: Pa | D69: =substitute(A69,"_",".") -> Pa | E69: pascal | F69: =if(isblank(E69),"",hyperlink("https://si-digital-framework.org/SI/units/"&E69)) -> https://si-digital-framework.org/SI/units/pascal | G69: Pa | H69: =if(or(isblank(G69),G69="?"),"",hyperlink(concatenate("https://w3id.org/uom/",G69))) -> https://w3id.org/uom/Pa | I69: =countif(Constants!H:H,A69) -> 2
A70: s | D70: =substitute(A70,"_",".") -> s | E70: second | F70: =if(isblank(E70),"",hyperlink("https://si-digital-framework.org/SI/units/"&E70)) -> https://si-digital-framework.org/SI/units/second | G70: s | H70: =if(or(isblank(G70),G70="?"),"",hyperlink(concatenate("https://w3id.org/uom/",G70))) -> https://w3id.org/uom/s | I70: =countif(Constants!H:H,A70) -> 4
A71: S | D71: =substitute(A71,"_",".") -> S | E71: siemens | F71: =if(isblank(E71),"",hyperlink("https://si-digital-framework.org/SI/units/"&E71)) -> https://si-digital-framework.org/SI/units/siemens | G71: S | H71: =if(or(isblank(G71),G71="?"),"",hyperlink(concatenate("https://w3id.org/uom/",G71))) -> https://w3id.org/uom/S | I71: =countif(Constants!H:H,A71) -> 4
A72: s-1_T-1 | C72: s,T | D72: =substitute(A72,"_",".") -> s-1.T-1 | E72: second-1.tesla-1 | F72: =if(isblank(E72),"",hyperlink("https://si-digital-framework.org/SI/units/"&E72)) -> https://si-digital-framework.org/SI/units/second-1.tesla-1 | G72: s-1.T-1 | H72: =if(or(isblank(G72),G72="?"),"",hyperlink(concatenate("https://w3id.org/uom/",G72))) -> https://w3id.org/uom/s-1.T-1 | I72: =countif(Constants!H:H,A72) -> 5
A73: T | D73: =substitute(A73,"_",".") -> T | E73: tesla | F73: =if(isblank(E73),"",hyperlink("https://si-digital-framework.org/SI/units/"&E73)) -> https://si-digital-framework.org/SI/units/tesla | G73: T | H73: =if(or(isblank(G73),G73="?"),"",hyperlink(concatenate("https://w3id.org/uom/",G73))) -> https://w3id.org/uom/T | I73: =countif(Constants!H:H,A73) -> 1
A74: u | B74: atomic mass unit | D74: Da | E74: dalton | F74: =if(isblank(E74),"",hyperlink("https://si-digital-framework.org/SI/units/"&E74)) -> https://si-digital-framework.org/SI/units/dalton | G74: u | H74: =if(or(isblank(G74),G74="?"),"",hyperlink(concatenate("https://w3id.org/uom/",G74))) -> https://w3id.org/uom/u | I74: =countif(Constants!H:H,A74) -> 17
A75: V | D75: =substitute(A75,"_",".") -> V | E75: volt | F75: =if(isblank(E75),"",hyperlink("https://si-digital-framework.org/SI/units/"&E75)) -> https://si-digital-framework.org/SI/units/volt | G75: V | H75: =if(or(isblank(G75),G75="?"),"",hyperlink(concatenate("https://w3id.org/uom/",G75))) -> https://w3id.org/uom/V | I75: =countif(Constants!H:H,A75) -> 1
A76: VXC | B76: volt-90 | I76: =countif(Constants!H:H,A76) -> 1
A77: V_m-1 | C77: V,m | D77: =substitute(A77,"_",".") -> V.m-1 | E77: volt.metre-1 | F77: =if(isblank(E77),"",hyperlink("https://si-digital-framework.org/SI/units/"&E77)) -> https://si-digital-framework.org/SI/units/volt.metre-1 | G77: V.m-1 | H77: =if(or(isblank(G77),G77="?"),"",hyperlink(concatenate("https://w3id.org/uom/",G77))) -> https://w3id.org/uom/V.m-1 | I77: =countif(Constants!H:H,A77) -> 1
A78: V_m-2 | C78: V,m | D78: =substitute(A78,"_",".") -> V.m-2 | E78: volt.metre-2 | F78: =if(isblank(E78),"",hyperlink("https://si-digital-framework.org/SI/units/"&E78)) -> https://si-digital-framework.org/SI/units/volt.metre-2 | G78: V.m-2 | H78: =if(or(isblank(G78),G78="?"),"",hyperlink(concatenate("https://w3id.org/uom/",G78))) -> https://w3id.org/uom/V.m-2 | I78: =countif(Constants!H:H,A78) -> 1
A79: W | D79: =substitute(A79,"_",".") -> W | E79: watt | F79: =if(isblank(E79),"",hyperlink("https://si-digital-framework.org/SI/units/"&E79)) -> https://si-digital-framework.org/SI/units/watt | G79: W | H79: =if(or(isblank(G79),G79="?"),"",hyperlink(concatenate("https://w3id.org/uom/",G79))) -> https://w3id.org/uom/W | I79: =countif(Constants!H:H,A79) -> 0
A80: WXC | B80: watt-90 | I80: =countif(Constants!H:H,A80) -> 1
A81: W_m-2_K-4 | C81: W,m,K | D81: =substitute(A81,"_",".") -> W.m-2.K-4 | E81: watt.metre-2.kelvin-4 | F81: =if(isblank(E81),"",hyperlink("https://si-digital-framework.org/SI/units/"&E81)) -> https://si-digital-framework.org/SI/units/watt.metre-2.kelvin-4 | G81: W.m-2.K-4 | H81: =if(or(isblank(G81),G81="?"),"",hyperlink(concatenate("https://w3id.org/uom/",G81))) -> https://w3id.org/uom/W.m-2.K-4 | I81: =countif(Constants!H:H,A81) -> 1
A82: W_m2 | C82: W,m | D82: =substitute(A82,"_",".") -> W.m2 | E82: watt.metre2 | F82: =if(isblank(E82),"",hyperlink("https://si-digital-framework.org/SI/units/"&E82)) -> https://si-digital-framework.org/SI/units/watt.metre2 | G82: W.m2 | H82: =if(or(isblank(G82),G82="?"),"",hyperlink(concatenate("https://w3id.org/uom/",G82))) -> https://w3id.org/uom/W.m2 | I82: =countif(Constants!H:H,A82) -> 1
A83: W_m2_sr-1 | C83: W,m,sr | D83: =substitute(A83,"_",".") -> W.m2.sr-1 | E83: watt.metre2.steradian-1 | F83: =if(isblank(E83),"",hyperlink("https://si-digital-framework.org/SI/units/"&E83)) -> https://si-digital-framework.org/SI/units/watt.metre2.steradian-1 | G83: W.m2.sr-1 | H83: =if(or(isblank(G83),G83="?"),"",hyperlink(concatenate("https://w3id.org/uom/",G83))) -> https://w3id.org/uom/W.m2.sr-1 | I83: =countif(Constants!H:H,A83) -> 1
A84: Wb | D84: =substitute(A84,"_",".") -> Wb | E84: weber | F84: =if(isblank(E84),"",hyperlink("https://si-digital-framework.org/SI/units/"&E84)) -> https://si-digital-framework.org/SI/units/weber | G84: Wb | H84: =if(or(isblank(G84),G84="?"),"",hyperlink(concatenate("https://w3id.org/uom/",G84))) -> https://w3id.org/uom/Wb | I84: =countif(Constants!H:H,A84) -> 1

Sheet Versions
A1: id | B1: published | C1: description
A2: 2022 | B2: 45421
A3: 2018 | B3: 43605
A4: 2014 | B4: 42170
A5: 2010 | B5: 40696
A6: 2006 | B6: 39148
A7: 2002 | B7: 37964
A8: 1998 | B8: 36364

Sheet nist_names_ids
A1: nist_name | B1: nist_id | C1: n_constants | D1: alt_nist_id | E1: nist_url | F1: notes | G1: usage_count | H1: is_2022 | I1: is_2018 | J1: is_2014 | K1: is_2010 | L1: is_2006 | M1: is_2002 | N1: is_1998
A2: {220} lattice spacing of silicon | B2: d220sil | C2: =countif(Constants!A:A,B2) -> 1 | E2: =hyperlink("https://physics.nist.gov/cgi-bin/cuu/Value?"&B2, "link") -> link | G2: =sum(H2:N2) -> 2 | H2: =countif('v2022'!$A:$A,A2) -> 0 | I2: =countif('v2018'!$A:$A,A2) -> 0 | J2: =countif('v2014'!$A:$A,A2) -> 1 | K2: =countif('v2010'!$A:$A,A2) -> 1 | L2: =countif('v2006'!$A:$A,A2) -> 0 | M2: =countif('v2002'!$A:$A,A2) -> 0 | N2: =countif('v1998'!$A:$A,A2) -> 0
A3: alpha particle mass | B3: mal | C3: =countif(Constants!A:A,B3) -> 1 | E3: =hyperlink("https://physics.nist.gov/cgi-bin/cuu/Value?"&B3, "link") -> link | G3: =sum(H3:N3) -> 7 | H3: =countif('v2022'!$A:$A,A3) -> 1 | I3: =countif('v2018'!$A:$A,A3) -> 1 | J3: =countif('v2014'!$A:$A,A3) -> 1 | K3: =countif('v2010'!$A:$A,A3) -> 1 | L3: =countif('v2006'!$A:$A,A3) -> 1 | M3: =countif('v2002'!$A:$A,A3) -> 1 | N3: =countif('v1998'!$A:$A,A3) -> 1
A4: alpha particle mass energy equivalent | B4: malc2 | C4: =countif(Constants!A:A,B4) -> 1 | E4: =hyperlink("https://physics.nist.gov/cgi-bin/cuu/Value?"&B4, "link") -> link | G4: =sum(H4:N4) -> 7 | H4: =countif('v2022'!$A:$A,A4) -> 1 | I4: =countif('v2018'!$A:$A,A4) -> 1 | J4: =countif('v2014'!$A:$A,A4) -> 1 | K4: =countif('v2010'!$A:$A,A4) -> 1 | L4: =countif('v2006'!$A:$A,A4) -> 1 | M4: =countif('v2002'!$A:$A,A4) -> 1 | N4: =countif('v1998'!$A:$A,A4) -> 1
A5: alpha particle mass energy equivalent in MeV | B5: malc2mev | C5: =countif(Constants!A:A,B5) -> 1 | E5: =hyperlink("https://physics.nist.gov/cgi-bin/cuu/Value?"&B5, "link") -> link | G5: =sum(H5:N5) -> 7 | H5: =countif('v2022'!$A:$A,A5) -> 1 | I5: =countif('v2018'!$A:$A,A5) -> 1 | J5: =countif('v2014'!$A:$A,A5) -> 1 | K5: =countif('v2010'!$A:$A,A5) -> 1 | L5: =countif('v2006'!$A:$A,A5) -> 1 | M5: =countif('v2002'!$A:$A,A5) -> 1 | N5: =countif('v1998'!$A:$A,A5) -> 1
A6: alpha particle mass in u | B6: malu | C6: =countif(Constants!A:A,B6) -> 1 | E6: =hyperlink("https://physics.nist.gov/cgi-bin/cuu/Value?"&B6, "link") -> link | G6: =sum(H6:N6) -> 7 | H6: =countif('v2022'!$A:$A,A6) -> 1 | I6: =countif('v2018'!$A:$A,A6) -> 1 | J6: =countif('v2014'!$A:$A,A6) -> 1 | K6: =countif('v2010'!$A:$A,A6) -> 1 | L6: =countif('v2006'!$A:$A,A6) -> 1 | M6: =countif('v2002'!$A:$A,A6) -> 1 | N6: =countif('v1998'!$A:$A,A6) -> 1
A7: alpha particle molar mass | B7: mmal | C7: =countif(Constants!A:A,B7) -> 1 | E7: =hyperlink("https://physics.nist.gov/cgi-bin/cuu/Value?"&B7, "link") -> link | G7: =sum(H7:N7) -> 7 | H7: =countif('v2022'!$A:$A,A7) -> 1 | I7: =countif('v2018'!$A:$A,A7) -> 1 | J7: =countif('v2014'!$A:$A,A7) -> 1 | K7: =countif('v2010'!$A:$A,A7) -> 1 | L7: =countif('v2006'!$A:$A,A7) -> 1 | M7: =countif('v2002'!$A:$A,A7) -> 1 | N7: =countif('v1998'!$A:$A,A7) -> 1
A8: alpha particle relative atomic mass | B8: aral | C8: =countif(Constants!A:A,B8) -> 1 | E8: =hyperlink("https://physics.nist.gov/cgi-bin/cuu/Value?"&B8, "link") -> link | G8: =sum(H8:N8) -> 2 | H8: =countif('v2022'!$A:$A,A8) -> 1 | I8: =countif('v2018'!$A:$A,A8) -> 1 | J8: =countif('v2014'!$A:$A,A8) -> 0 | K8: =countif('v2010'!$A:$A,A8) -> 0 | L8: =countif('v2006'!$A:$A,A8) -> 0 | M8: =countif('v2002'!$A:$A,A8) -> 0 | N8: =countif('v1998'!$A:$A,A8) -> 0
A9: alpha particle rms charge radius | B9: ral | C9: =countif(Constants!A:A,B9) -> 1 | E9: =hyperlink("https://physics.nist.gov/cgi-bin/cuu/Value?"&B9, "link") -> link | G9: =sum(H9:N9) -> 1 | H9: =countif('v2022'!$A:$A,A9) -> 1 | I9: =countif('v2018'!$A:$A,A9) -> 0 | J9: =countif('v2014'!$A:$A,A9) -> 0 | K9: =countif('v2010'!$A:$A,A9) -> 0 | L9: =countif('v2006'!$A:$A,A9) -> 0 | M9: =countif('v2002'!$A:$A,A9) -> 0 | N9: =countif('v1998'!$A:$A,A9) -> 0
A10: alpha particle-electron mass ratio | B10: malsme | C10: =countif(Constants!A:A,B10) -> 1 | E10: =hyperlink("https://physics.nist.gov/cgi-bin/cuu/Value?"&B10, "link") -> link | G10: =sum(H10:N10) -> 7 | H10: =countif('v2022'!$A:$A,A10) -> 1 | I10: =countif('v2018'!$A:$A,A10) -> 1 | J10: =countif('v2014'!$A:$A,A10) -> 1 | K10: =countif('v2010'!$A:$A,A10) -> 1 | L10: =countif('v2006'!$A:$A,A10) -> 1 | M10: =countif('v2002'!$A:$A,A10) -> 1 | N10: =countif('v1998'!$A:$A,A10) -> 1
A11: alpha particle-proton mass ratio | B11: malsmp | C11: =countif(Constants!A:A,B11) -> 1 | E11: =hyperlink("https://physics.nist.gov/cgi-bin/cuu/Value?"&B11, "link") -> link | G11: =sum(H11:N11) -> 7 | H11: =countif('v2022'!$A:$A,A11) -> 1 | I11: =countif('v2018'!$A:$A,A11) -> 1 | J11: =countif('v2014'!$A:$A,A11) -> 1 | K11: =countif('v2010'!$A:$A,A11) -> 1 | L11: =countif('v2006'!$A:$A,A11) -> 1 | M11: =countif('v2002'!$A:$A,A11) -> 1 | N11: =countif('v1998'!$A:$A,A11) -> 1
A12: Angstrom star | B12: angstar | C12: =countif(Constants!A:A,B12) -> 1 | E12: =hyperlink("https://physics.nist.gov/cgi-bin/cuu/Value?"&B12, "link") -> link | G12: =sum(H12:N12) -> 7 | H12: =countif('v2022'!$A:$A,A12) -> 1 | I12: =countif('v2018'!$A:$A,A12) -> 1 | J12: =countif('v2014'!$A:$A,A12) -> 1 | K12: =countif('v2010'!$A:$A,A12) -> 1 | L12: =countif('v2006'!$A:$A,A12) -> 1 | M12: =countif('v2002'!$A:$A,A12) -> 1 | N12: =countif('v1998'!$A:$A,A12) -> 1
A13: atomic mass constant | B13: u | C13: =countif(Constants!A:A,B13) -> 1 | E13: =hyperlink("https://physics.nist.gov/cgi-bin/cuu/Value?"&B13, "link") -> link | G13: =sum(H13:N13) -> 7 | H13: =countif('v2022'!$A:$A,A13) -> 1 | I13: =countif('v2018'!$A:$A,A13) -> 1 | J13: =countif('v2014'!$A:$A,A13) -> 1 | K13: =countif('v2010'!$A:$A,A13) -> 1 | L13: =countif('v2006'!$A:$A,A13) -> 1 | M13: =countif('v2002'!$A:$A,A13) -> 1 | N13: =countif('v1998'!$A:$A,A13) -> 1
... A452: Wien wavelength displacement law constant | B452: bwien | C452: =countif(Constants!A:A,B452) -> 1 | E452: =hyperlink("https://physics.nist.gov/cgi-bin/cuu/Value?"&B452, "link") -> link | G452: =sum(H452:N452) -> 5 | H452: =countif('v2022'!$A:$A,A452) -> 1 | I452: =countif('v2018'!$A:$A,A452) -> 1 | J452: =countif('v2014'!$A:$A,A452) -> 1 | K452: =countif('v2010'!$A:$A,A452) -> 1 | L452: =countif('v2006'!$A:$A,A452) -> 1 | M452: =countif('v2002'!$A:$A,A452) -> 0 | N452: =countif('v1998'!$A:$A,A452) -> 0

Sheet v2022
A1: name | B1: value_nist | C1: uncertainty_nist | D1: units | E1: id | F1: id_lookup | G1: value_str | H1: value_num | I1: uncertainty_str | J1: uncertainty_n | K1: is_exact | L1: is_truncated | M1: exponent
A2: alpha particle-electron mass ratio | B2: 7294.299 541 71 | C2: 0.000 000 17 | E2: =VLOOKUP($A2,nist_names_ids!A:B,2,false) -> malsme | F2: =countif(Constants!A:A,E2) -> 1 | G2: =SUBSTITUTE(SUBSTITUTE(B2," ",""),"...","") -> 7294.29954171 | H2: =value(G2) -> 7294.2995 | I2: =SUBSTITUTE(C2," ","") -> 0.00000017 | J2: =if(I2="(exact)","",value(I2)) -> 1.7e-07 | K2: =if(I2="(exact)", TRUE,FALSE) -> FALSE | L2: =ISNUMBER(search("...",B2)) -> FALSE | M2: =IFERROR(__xludf.DUMMYFUNCTION("if(regexmatch(B2,""e(.*)$""),regexextract(B2,""e(.*)$""),"""")"),"")
A3: alpha particle mass | B3: 6.644 657 3450 e-27 | C3: 0.000 000 0021 e-27 | D3: kg | E3: =VLOOKUP($A3,nist_names_ids!A:B,2,false) -> mal | F3: =countif(Constants!A:A,E3) -> 1 | G3: =SUBSTITUTE(SUBSTITUTE(B3," ",""),"...","") -> 6.6446573450e-27 | H3: =value(G3) -> 0 | I3: =SUBSTITUTE(C3," ","") -> 0.0000000021e-27 | J3: =if(I3="(exact)","",value(I3)) -> 0 | K3: =if(I3="(exact)", TRUE,FALSE) -> FALSE | L3: =ISNUMBER(search("...",B3)) -> FALSE | M3: =IFERROR(__xludf.DUMMYFUNCTION("if(regexmatch(B3,""e(.*)$""),regexextract(B3,""e(.*)$""),"""")"),"-27") -> -27
A4: alpha particle mass energy equivalent | B4: 5.971 920 1997 e-10 | C4: 0.000 000 0019 e-10 | D4: J | E4: malc2 | F4: =countif(Constants!A:A,E4) -> 1 | G4: =SUBSTITUTE(SUBSTITUTE(B4," ",""),"...","") -> 5.9719201997e-10 | H4: =value(G4) -> 5.9719202e-10 | I4: =SUBSTITUTE(C4," ","") -> 0.0000000019e-10 | J4: =if(I4="(exact)","",value(I4)) -> 0 | K4: =if(I4="(exact)", TRUE,FALSE) -> FALSE | L4: =ISNUMBER(search("...",B4)) -> FALSE | M4: =IFERROR(__xludf.DUMMYFUNCTION("if(regexmatch(B4,""e(.*)$""),regexextract(B4,""e(.*)$""),"""")"),"-10") -> -10
